nro_cta,Moneda,map_debe,map_haber,map_debe_id,map_haber_id
1736,ARS,FONDO,FONDO,30,30
1740,USD,FONDO,FONDO,30,30
3600,ARS,CAJAS COMPENS,CAJAS COMPENS,1,1
3870,ARS,CAJAS COMPENS,CAJAS COMPENS,1,1
1905,ARS,EGR x INVERSIONES EN PROYECTOS,EGR x INVERSIONES EN PROYECTOS,7,7
56,ARS,EGR x INVERSIONES EN PROYECTOS SOCIOS,EGR x INVERSIONES EN PROYECTOS SOCIOS,8,8
3882,ARS,INGR x APORTES DE SOCIOS,INGR x APORTES DE SOCIOS,22,22
141,ARS,INGR x ALQUILERES SOCIOS,INGR x ALQUILERES SOCIOS,20,20
143,ARS,INGR x ALQUILERES SOCIOS,INGR x ALQUILERES SOCIOS,20,20
347,ARS,INGR x COBRO LOTEOS,INGR x COBRO LOTEOS,23,23
1347,ARS,INGR x COMISIONES INMOBILIARIAS,INGR x COMISIONES INMOBILIARIAS,25,25
1390,ARS,INGR x ALQUILERES TERCEROS,INGR x ALQUILERES TERCEROS,21,21
1391,ARS,INGR x ALQUILERES TERCEROS,INGR x ALQUILERES TERCEROS,21,21
1608,ARS,INGR x COBRO OBRAS,INGR x COBRO OBRAS,24,24
1972,USD,INGR x COBRO LOTEOS,INGR x COBRO LOTEOS,23,23
3866,ARS,INGR x COBRO LOTEOS,INGR x COBRO LOTEOS,23,23
3867,ARS,INGR x COBRO LOTEOS,INGR x COBRO LOTEOS,23,23
3868,ARS,INGR x COBRO LOTEOS,INGR x COBRO LOTEOS,23,23
1822,ARS,INGR x COBRO LOTEOS,INGR x COBRO LOTEOS,23,23
2764,ARS,INGR x COBRO LOTEOS,INGR x COBRO LOTEOS,23,23
17,ARS,EGR DIVERSOS,INGR x DIVERSOS,2,27
19,ARS,EGR x PAGO IMPUESTOS DIVERSOS,EGR x PAGO IMPUESTOS DIVERSOS,9,9
20,ARS,EGR x PAGO IMPUESTOS DIVERSOS,EGR x PAGO IMPUESTOS DIVERSOS,9,9
23,ARS,EGR x PAGO IMPUESTOS DIVERSOS,EGR x PAGO IMPUESTOS DIVERSOS,9,9
24,ARS,EGR x PAGO IMPUESTOS DIVERSOS,EGR x PAGO IMPUESTOS DIVERSOS,9,9
25,ARS,EGR x PAGO IMPUESTOS DIVERSOS,EGR x PAGO IMPUESTOS DIVERSOS,9,9
29,ARS,EGR x PAGO IMPUESTOS DIVERSOS,EGR x PAGO IMPUESTOS DIVERSOS,9,9
30,ARS,EGR x PAGO IMPUESTOS DIVERSOS,EGR x PAGO IMPUESTOS DIVERSOS,9,9
33,ARS,EGR x PAGO IMPUESTOS DIVERSOS,EGR x PAGO IMPUESTOS DIVERSOS,9,9
37,ARS,EGR x CARGAS SOCIALES,EGR x CARGAS SOCIALES,3,3
1387,ARS,EGR x PAGO IMPUESTOS DIVERSOS,EGR x PAGO IMPUESTOS DIVERSOS,9,9
74,ARS,EGR x SUELDOS OBRAS,EGR x SUELDOS OBRAS,18,18
77,ARS,EGR x PROVEEDORES OBRAS,EGR x PROVEEDORES OBRAS,14,14
78,ARS,EGR DIVERSOS,EGR DIVERSOS,2,2
3494,ARS,EGR x SUELDOS OBRAS,EGR x SUELDOS OBRAS,18,18
148,ARS,EGR x SUELDOS Y ALQUILERES SOCIOS,EGR x SUELDOS Y ALQUILERES SOCIOS,19,19
149,ARS,EGR x SUELDOS Y ALQUILERES SOCIOS,EGR x SUELDOS Y ALQUILERES SOCIOS,19,19
996,ARS,EGR DIVERSOS,EGR DIVERSOS,2,2
1744,USD,EGR DIVERSOS,EGR DIVERSOS,2,2
3856,ARS,EGR x RETIROS SOCIOS,INGR x APORTES DE SOCIOS,17,22
38,ARS,EGR x PROVEEDORES OBRAS,EGR x PROVEEDORES OBRAS,14,14
38,ARS,EGR x PROVEEDORES ADMINISTRACION,EGR x PROVEEDORES ADMINISTRACION,12,12
38,ARS,EGR x INTERESES Y GS BANCARIOS,EGR x INTERESES Y GS BANCARIOS,6,6
38,ARS,EGR x COMPRA BIENES DE USO,EGR x COMPRA BIENES DE USO,4,4
38,ARS,EGR x INVERSIONES EN PROYECTOS SOCIOS,EGR x INVERSIONES EN PROYECTOS SOCIOS,8,8
1344,ARS,EGR x RENDICIONES ALQ TERCEROS,EGR x RENDICIONES ALQ TERCEROS,16,16
1393,ARS,EGR x RENDICIONES ALQ TERCEROS,EGR x RENDICIONES ALQ TERCEROS,16,16
55,ARS,INGR x COBRO OBRAS,INGR x COBRO OBRAS,24,24
1904,ARS,INGR x ALQUILERES SOCIOS,INGR x ALQUILERES SOCIOS,20,20
43,ARS,EGR x SUELDOS OBRAS,EGR x SUELDOS OBRAS,18,18
44,ARS,EGR x CARGAS SOCIALES,EGR x CARGAS SOCIALES,3,3
45,ARS,EGR x CARGAS SOCIALES,EGR x CARGAS SOCIALES,3,3
46,ARS,EGR x CARGAS SOCIALES,EGR x CARGAS SOCIALES,3,3
47,ARS,EGR x CARGAS SOCIALES,EGR x CARGAS SOCIALES,3,3
52,ARS,EGR x CARGAS SOCIALES,EGR x CARGAS SOCIALES,3,3
71,ARS,EGR x CARGAS SOCIALES,EGR x CARGAS SOCIALES,3,3
1804,ARS,EGR x CARGAS SOCIALES,EGR x CARGAS SOCIALES,3,3
2822,ARS,EGR x CARGAS SOCIALES,EGR x CARGAS SOCIALES,3,3
60,ARS,EGR x PAGO IMPUESTOS DIVERSOS,EGR x PAGO IMPUESTOS DIVERSOS,9,9
120,ARS,EGR x PAGO IMPUESTOS DIVERSOS,EGR x PAGO IMPUESTOS DIVERSOS,9,9
1350,ARS,EGR x CARGAS SOCIALES,EGR x CARGAS SOCIALES,3,3
1545,ARS,EGR x PLANES DE PAGOS IMPOSITIVOS,EGR x PLANES DE PAGOS IMPOSITIVOS,11,11
124,ARS,EGR x PAGO PRESTAMOS BANCARIOS,INGR x PRESTAMOS OBTENIDOS,10,29
131,USD,EGR x RETIROS SOCIOS,INGR x APORTES DE SOCIOS,17,22
136,ARS,EGR x RETIROS SOCIOS,INGR x APORTES DE SOCIOS,17,22
3507,ARS,INGR x APORTES DE SOCIOS,INGR x APORTES DE SOCIOS,22,22
140,ARS,EGR DIVERSOS,EGR DIVERSOS,2,2
1568,ARS,INGR x COBRO LOTEOS,INGR x COBRO LOTEOS,23,23
2965,ARS,INGR x ALQUILERES SOCIOS,INGR x ALQUILERES SOCIOS,20,20
2285,ARS,INGR x ALQUILERES SOCIOS,INGR x ALQUILERES SOCIOS,20,20
175,ARS,INGR x INVERSIONES FINANCIEROS,INGR x INVERSIONES FINANCIEROS,28,28
1231,ARS,INGR x DIF DE COTIZACION,INGR x DIF DE COTIZACION,26,26
1228,ARS,INGR x DIVERSOS,INGR x DIVERSOS,27,27
176,ARS,EGR x PROVEEDORES OBRAS,EGR x PROVEEDORES OBRAS,14,14
185,ARS,EGR x PROVEEDORES OBRAS,EGR x PROVEEDORES OBRAS,14,14
1826,ARS,EGR x PROVEEDORES OBRAS,EGR x PROVEEDORES OBRAS,14,14
1421,ARS,EGR x PROVEEDORES OBRAS,EGR x PROVEEDORES OBRAS,14,14
1419,ARS,EGR x PROVEEDORES OBRAS,EGR x PROVEEDORES OBRAS,14,14
1420,ARS,EGR x PROVEEDORES OBRAS,EGR x PROVEEDORES OBRAS,14,14
3817,ARS,EGR x PROVEEDORES OBRAS,EGR x PROVEEDORES OBRAS,14,14
2665,ARS,EGR x PROVEEDORES OBRAS,EGR x PROVEEDORES OBRAS,14,14
1386,ARS,EGR x PROVEEDORES OBRAS,EGR x PROVEEDORES OBRAS,14,14
1758,ARS,EGR x PROVEEDORES OBRAS,EGR x PROVEEDORES OBRAS,14,14
1759,ARS,EGR x PROVEEDORES OBRAS,EGR x PROVEEDORES OBRAS,14,14
1900,ARS,EGR x PROVEEDORES OBRAS,EGR x PROVEEDORES OBRAS,14,14
1383,ARS,EGR x PROVEEDORES OBRAS,EGR x PROVEEDORES OBRAS,14,14
1704,ARS,EGR x PROVEEDORES Y GASTOS LOTEOS,EGR x PROVEEDORES Y GASTOS LOTEOS,15,15
3816,ARS,EGR x PROVEEDORES Y GASTOS LOTEOS,EGR x PROVEEDORES Y GASTOS LOTEOS,15,15
1402,ARS,EGR x PROVEEDORES INMOBILIARIA,EGR x PROVEEDORES INMOBILIARIA,13,13
1235,ARS,EGR x PROVEEDORES ADMINISTRACION,EGR x PROVEEDORES ADMINISTRACION,12,12
1236,ARS,EGR x PROVEEDORES ADMINISTRACION,EGR x PROVEEDORES ADMINISTRACION,12,12
1251,ARS,EGR x PROVEEDORES ADMINISTRACION,EGR x PROVEEDORES ADMINISTRACION,12,12
1252,ARS,EGR x PROVEEDORES ADMINISTRACION,EGR x PROVEEDORES ADMINISTRACION,12,12
1253,ARS,EGR x PROVEEDORES ADMINISTRACION,EGR x PROVEEDORES ADMINISTRACION,12,12
1255,ARS,EGR x PROVEEDORES ADMINISTRACION,EGR x PROVEEDORES ADMINISTRACION,12,12
1256,ARS,EGR x PROVEEDORES ADMINISTRACION,EGR x PROVEEDORES ADMINISTRACION,12,12
1260,ARS,EGR x PROVEEDORES ADMINISTRACION,EGR x PROVEEDORES ADMINISTRACION,12,12
1262,ARS,EGR x PROVEEDORES ADMINISTRACION,EGR x PROVEEDORES ADMINISTRACION,12,12
1240,ARS,EGR x PROVEEDORES ADMINISTRACION,EGR x PROVEEDORES ADMINISTRACION,12,12
1264,ARS,EGR x PROVEEDORES ADMINISTRACION,EGR x PROVEEDORES ADMINISTRACION,12,12
1266,ARS,EGR x PROVEEDORES ADMINISTRACION,EGR x PROVEEDORES ADMINISTRACION,12,12
1267,ARS,EGR x PROVEEDORES ADMINISTRACION,EGR x PROVEEDORES ADMINISTRACION,12,12
1346,ARS,EGR x PROVEEDORES ADMINISTRACION,EGR x PROVEEDORES ADMINISTRACION,12,12
1349,ARS,EGR x PROVEEDORES ADMINISTRACION,EGR x PROVEEDORES ADMINISTRACION,12,12
3855,ARS,EGR x PROVEEDORES ADMINISTRACION,EGR x PROVEEDORES ADMINISTRACION,12,12
1279,ARS,EGR x INTERESES Y GS BANCARIOS,EGR x INTERESES Y GS BANCARIOS,6,6
1280,ARS,EGR x INTERESES Y GS BANCARIOS,EGR x INTERESES Y GS BANCARIOS,6,6
1282,ARS,EGR x DIF DE COTIZACION,EGR x DIF DE COTIZACION,5,5
1284,ARS,EGR x INTERESES Y GS BANCARIOS,EGR x INTERESES Y GS BANCARIOS,6,6
1275,ARS,EGR x PAGO IMPUESTOS DIVERSOS,EGR x PAGO IMPUESTOS DIVERSOS,9,9
1,ARS,FONDO,FONDO,30,30
2,ARS,FONDO,FONDO,30,30
3,ARS,FONDO,FONDO,30,30
4,ARS,FONDO,FONDO,30,30
5,ARS,FONDO,FONDO,30,30
6,ARS,FONDO,FONDO,30,30
7,ARS,FONDO,FONDO,30,30
8,ARS,FONDO,FONDO,30,30
15,ARS,FONDO,FONDO,30,30
80,ARS,FONDO,FONDO,30,30
152,ARS,FONDO,FONDO,30,30
1341,ARS,FONDO,FONDO,30,30
1973,ARS,FONDO,FONDO,30,30
1974,ARS,FONDO,FONDO,30,30
1977,ARS,FONDO,FONDO,30,30
2122,ARS,FONDO,FONDO,30,30
2124,ARS,FONDO,FONDO,30,30
3607,ARS,FONDO,FONDO,30,30
3831,ARS,FONDO,FONDO,30,30
3844,ARS,FONDO,FONDO,30,30
3874,ARS,FONDO,FONDO,30,30
3883,ARS,FONDO,FONDO,30,30
