accion;id;tpo_subcta;nro_subcta;campo;valor_actual;valor_objetivo
CREATE;;2;2811;*;;ARAGON RICARDO | Obras
CREATE;;2;2821;*;;TANGENTE GROUP S.A. | Obras
CREATE;;2;2845;*;;COLOMBO HECTOR ANGEL | Obras
CREATE;;2;2862;*;;JUAREZ JOSE HORACIO - TRANSP. LAS 3 | Obras
CREATE;;2;2873;*;;CONTRERAS ANALIA VIVIANA | Obras
CREATE;;2;2875;*;;ENEX INGENIERIA S.A. | Obras
CREATE;;2;2885;*;;JULIO SAEZ E HIJOS SACIFI | Obras
CREATE;;2;2887;*;;JASAK S.R.L. | Obras
CREATE;;2;2895;*;;REFRIGERACION NORTE S.R.L. | Obras
CREATE;;2;2896;*;;BOUNOUS MAQUINARIAS S.A. | Obras
CREATE;;2;2910;*;;M D MARKETING EMPRESARIAL S.R.L. | Obras
CREATE;;2;2913;*;;VANCAR S.R.L. | Obras
CREATE;;2;2915;*;;ALONSO GUSTAVO | Obras
CREATE;;2;2927;*;;ING. RUSH GEOFREDO | Obras
CREATE;;2;2938;*;;CABBAD CIA S.C. | Obras
CREATE;;2;2952;*;;ROJAS MARIO | Obras
CREATE;;2;2956;*;;USANDIVARAS WANDA | Administracion
CREATE;;2;2962;*;;LEITEN S.A | Obras
CREATE;;2;2987;*;;CONSORCIO DE PROP. EDIF. CALLE MAIPÓ 605 | Administracion
CREATE;;2;2994;*;;CENTRAL TUCUMANO S.A. - HILTON GARDEN | Administracion
CREATE;;2;3001;*;;HORMECO S.R.L. | Obras
CREATE;;2;3010;*;;A4 INDUSTRIAS GRAFICAS S.A. | Administracion
CREATE;;2;3026;*;;MUELA JORGE LUIS | Obras
CREATE;;2;3040;*;;LUQUE ANTONIO | Obras
CREATE;;2;3045;*;;LALO CARDENAS | Obras
CREATE;;2;3054;*;;ARAGON MARIA CECILIA | Administracion
CREATE;;2;3056;*;;EL SOL MATERIALES S.A. | Obras
CREATE;;2;3064;*;;LEGADO DEL NORTE S.A. | Obras
CREATE;;2;3065;*;;SEDA S.A. - BRUNO D ANDREA | Obras
CREATE;;2;3076;*;;LEITEN NOA S.R.L. | Obras
CREATE;;2;3089;*;;CONSTRUIR S.A. | Obras
CREATE;;2;3093;*;;CAMARA DE EMPRESAS DE LA CONSTRUC. | Obras
CREATE;;2;3096;*;;PALAVECINO RAFAEL | Obras
CREATE;;2;3104;*;;ALBARRACIN | Obras
CREATE;;2;3108;*;;FLORES EDGARDO LUIS | Administracion
CREATE;;2;3109;*;;MOLINA CERRAJERIA | Obras
CREATE;;2;3116;*;;FERNANDEZ MANUEL | Obras
CREATE;;2;3117;*;;MARCHESE MARIA FLORENCIA | Administracion
CREATE;;2;3119;*;;BULONERIA BELGRANO S.R.L. | Obras
CREATE;;2;3126;*;;JIMENEZ JAVIER REINERIO | Obras
CREATE;;2;3127;*;;ADCAP SECURITIES ARGENTINA S.A. | Gs Bancarios
CREATE;;2;3133;*;;YAKU S.R.L. | Administracion
CREATE;;2;3136;*;;MARTINEZ VICTOR HUGO | Obras
CREATE;;2;3137;*;;TK VENTAS Y SERVICIOS S.R.L. | Obras
CREATE;;2;3156;*;;NEUMATICOS NORTE S.A. | Obras
CREATE;;2;3162;*;;COPROIH Ingenieria Hidaulica | Obras
CREATE;;2;3165;*;;BASSETT ANA VERONICA - EST. BENITO | Administracion
CREATE;;2;3174;*;;ROJAS GUSTAVO ALFREDO | Obras
CREATE;;2;3180;*;;CACERES MARCELO | Obras
CREATE;;2;3181;*;;SOLUCIONES PROYECTABLES S.A.S. | Obras
CREATE;;2;3182;*;;GALENO SEGUROS S.A. | Obras
CREATE;;2;3184;*;;FLORES VILLCA | Obras
CREATE;;2;3195;*;;Norte Herramientas S.R.L | Obras
CREATE;;2;3198;*;;Geomaco S.A.S | Obras
CREATE;;2;3200;*;;Olaz Maria Rosa del Valle | Obras
CREATE;;2;3202;*;;VERTEC S.R.L | Obras
CREATE;;2;3213;*;;Francisco Rotta - Compumaq | Administracion
CREATE;;2;3219;*;;Voltaje S.R.L | Obras
CREATE;;2;3220;*;;Zurita Patricio | Obras
CREATE;;2;3221;*;;Luis Argañaraz | Obras
CREATE;;2;3230;*;;Basla S.R.L | Obras
CREATE;;2;3232;*;;Nader Julio Fabian | Obras
CREATE;;2;3239;*;;JDG NEUMÁTICOS SA | Obras
CREATE;;2;3240;*;;Sergio Scopel | Obras
CREATE;;2;3241;*;;ROMANO PASCUAL ROLANDO | Obras
CREATE;;2;3247;*;;VITALONE | Administracion
CREATE;;2;3251;*;;Garcia Biagosch Emiliano | Obras
CREATE;;2;3252;*;;ORDOÑEZ ARIEL ARMANDO | Obras
CREATE;;2;3265;*;;Angi Martin | Obras
CREATE;;2;3290;*;;Infraestructura Ambiental S.R.L | Obras
CREATE;;2;3835;*;;Jalil Patricia Isabel | Administracion
CREATE;;2;3837;*;;Ponce Augusto | Obras
CREATE;;2;3844;*;;Cruz del Sur SA | Obras
CREATE;;2;3855;*;;GMKT SA | Obras
CREATE;;2;3857;*;;ULMA SA | Obras
CREATE;;2;3864;*;;Pastor Raul | Obras
CREATE;;2;3866;*;;Pesa Ana | Obras
CREATE;;2;3872;*;;Blue Motors SA | Obras
CREATE;;2;3875;*;;FERNANDEZ FLAVIAN | Obras
CREATE;;2;3879;*;;LOS PROFESIONALES SA | Obras
CREATE;;2;3884;*;;CHEDIAC CRISTIAN EZEQUIEL | Obras
CREATE;;2;3891;*;;CHEHUAN SANTIAGO | Obras
CREATE;;2;3894;*;;DELANI JOAQUIN | Proyectos
CREATE;;2;3900;*;;FROSONI AGUSTIN | Obras
CREATE;;2;3901;*;;OLEA WALTER | Obras
CREATE;;2;3903;*;;HATIM HERNAN A. | Administracion
CREATE;;2;3904;*;;Juan Carlos - Pasto | Obras
CREATE;;2;3922;*;;FATUM CONSTRUC.INDUST.SRL-METALURGICA | Obras
CREATE;;2;3925;*;;CORRALON 70 | Obras
CREATE;;2;3937;*;;GERARDO PEÑA CRITTO | Administracion
CREATE;;2;3938;*;;DICKER ANDREA VERONICA | Administracion
CREATE;;2;3953;*;;COMPUTER - C | Administracion
CREATE;;2;3967;*;;FEDERICO GARCIA HAMILTON | Obras
CREATE;;2;3968;*;;Agrimensor Saldaño | Obras
CREATE;;2;4069;*;;PADILLA ALVARO-ESCRIBANIA | Administracion
CREATE;;2;4072;*;;VIALIDAD PROVINCIAL | Obras
CREATE;;2;4090;*;;Avila Julian-Cena fin de año | Administracion
CREATE;;2;4092;*;;Rio Uruguay Coop de seguros | Administracion
CREATE;;2;4101;*;;LOPEZ SERGIO | Obras
CREATE;;2;4102;*;;SBROCCO SRL | Obras
CREATE;;2;4103;*;;BERCOVICH COMERCIAL S.A.S | Obras
CREATE;;2;4117;*;;MARTINEZ MARIA CLAUDIA-MAT.LIBERTAD | Obras
CREATE;;2;4122;*;;EMPRESA MAYORISTA INDUSTRIAL SRL (EMI) | Obras
CREATE;;2;4124;*;;CAFELI | Obras
CREATE;;2;4135;*;;MEDITERRANEO S.A. | Obras
CREATE;;2;4142;*;;Fideicomiso Viento Sur | Obras
CREATE;;2;4145;*;;CITRUSVIL S.A. | Obras
CREATE;;2;4149;*;;Aportes Fideicomiso San Pablo Este | Proyectos
CREATE;;2;4150;*;;FLORES MATIAS | Obras
CREATE;;2;4166;*;;Schilman German | Proyectos socios
CREATE;;2;4167;*;;TUCUCOL SRL | Obras
CREATE;;2;4173;*;;Nazareno Sosa | Obras
CREATE;;2;4182;*;;PROYCON SRL | Obras
CREATE;;2;4183;*;;CONSTRUYO AL COSTO | Obras
CREATE;;2;4188;*;;ARGLASS SRL | Obras
CREATE;;2;4192;*;;ESCOBAR JUAN | Obras
CREATE;;2;4193;*;;PASTOR WALTER | Proyectos socios
CREATE;;2;4194;*;;ESCALA | Obras
CREATE;;2;4195;*;;ING. DIAZ MARTIN | Proyectos
CREATE;;2;4196;*;;ISASMENDI NADIA | Obras
CREATE;;2;4198;*;;DIVERSIDAD S.A.S | Obras
CREATE;;2;4202;*;;DIFUSION GLOBAL | Obras
CREATE;;2;4203;*;;FARO ESTUDIO | Obras
CREATE;;2;4204;*;;Becerra Bursátil SA | Gs Bancarios
CREATE;;2;4205;*;;RIVADENEIRA JUAN JOSÉ | Obras
CREATE;;2;4206;*;;LORCA ROQUE | Administracion
CREATE;;2;4207;*;;LOURDES REDES SOC. | Administracion
CREATE;;2;4208;*;;ESCRIBANIA OLMOS | Administracion
CREATE;;2;4209;*;;PALMIERI GUSTAVO | Administracion
CREATE;;2;4210;*;;M&M GROUP S.R.L | Obras
CREATE;;2;4213;*;;SANCHEZ PABLO | Obras
CREATE;;2;4221;*;;GARDEN CENTER | Obras
CREATE;;2;4223;*;;WALLI PUB. | Administracion
CREATE;;2;4224;*;;TRADING INTERNACIONAL S.A | Gs Bancarios
CREATE;;2;4225;*;;AGUIRRE JUAN MANUEL | Obras
CREATE;;2;4226;*;;Argenpymes SGR | Gs Bancarios
CREATE;;2;4227;*;;AGRIMENSOR FRANCIS | Obras
CREATE;;2;4228;*;;GONELLA HNOS | Obras
CREATE;;2;4229;*;;TIBAL SAS | Administracion
CREATE;;2;4232;*;;DOMINGUEZ JORGE FEDERICO | Administracion
CREATE;;2;4233;*;;RUTRANS LOGISTICA SRL | Obras
CREATE;;2;4234;*;;LOPEZ FERNANDO | Obras
CREATE;;2;4235;*;;IMPELLIZERE DIEGO | Obras
CREATE;;2;4236;*;;OZAN PATRICIO EZEQUIEL | Obras
CREATE;;2;4237;*;;ALEJANDRO Y RODRIGO MAX FOIS | Obras
CREATE;;2;4239;*;;SOBRINO GUILLERMO | Obras
CREATE;;2;4240;*;;BBVA SEGUROS ARGENTINA SA | Obras
CREATE;;2;4241;*;;FIGUEROA MATIAS | Administracion
CREATE;;2;4242;*;;PASHUKA SAS | Obras
CREATE;;2;4245;*;;SINIS S.A | Obras
CREATE;;2;4246;*;;HIDRAULICA CANNATA S.A.S | Obras
CREATE;;2;4247;*;;TORREGO M. MAGDALENA | Administracion
CREATE;;2;4248;*;;CORDOBA MARIA RENEE | Obras
CREATE;;2;4249;*;;RODRIGUEZ GUSTAVO ANTONIO | Administracion
CREATE;;2;4250;*;;GOMEZ GUCHEA SEBASTIAN A. | Administracion
CREATE;;2;4253;*;;CATASTRO | Obras
CREATE;;2;4254;*;;HERNANDEZ SERGIO | Obras
CREATE;;2;4255;*;;FRANCISCO BEATRIZ | Proyectos
CREATE;;2;4256;*;;YERBA BUENA CONTENEDORES | Obras
CREATE;;2;4257;*;;MONTEROS - PASTO | Obras
CREATE;;2;4258;*;;YUHMAK SEGURIDAD INDUSTRIAL SRL | Obras
CREATE;;2;4259;*;;CAMPODER S.R.L | Administracion
CREATE;;2;4260;*;;RUIZ FLORES MARIA CECILIA | Administracion
CREATE;;2;4261;*;;I?IGO GABRIELA VIVIANA | Administracion
CREATE;;2;4263;*;;SANTEX S.A | Obras
CREATE;;2;4264;*;;MAMANI SERGIO RAUL | Obras
CREATE;;2;4265;*;;NF MAQUINARIAS | Obras
CREATE;;2;4266;*;;RAMOS SILVIA NELIDA | Administracion
CREATE;;2;4267;*;;PREMIAR COMPA?IA ARG DE SEG S.A | Obras
CREATE;;2;4268;*;;PROTECHOUSE | Obras
CREATE;;2;4269;*;;IBAÑEZ RAUL | Obras
CREATE;;2;4270;*;;BOURGUIGNON JUAN BAUTISTA | Administracion
CREATE;;2;4271;*;;VARELA TOMAS | Obras
CREATE;;2;4272;*;;GOMEZ JACOD ANA LAURA | Administracion
CREATE;;2;4273;*;;LOZANO MIGUEL | Obras
CREATE;;2;4274;*;;ACEVEDO PATRICIA SONIA | Obras
CREATE;;2;4275;*;;TORRES PABLO | Obras
CREATE;;2;4276;*;;ESCRIBANIA ESTEBAN | Obras
CREATE;;2;4277;*;;JUMP LOGISTICA SRL | Obras
CREATE;;2;4278;*;;Municipalidad Alderetes | Proyectos
CREATE;;2;4279;*;;ARPRO COPIERS SRL | Bienes de Uso
CREATE;;2;4284;*;;KOLTAN MARIO | Obras
CREATE;;2;4285;*;;SUPERMAT CENTRAL S.A.S | Obras
CREATE;;2;4286;*;;ISELEC S.R.L | Obras
CREATE;;2;4291;*;;MATIAS SANTIAGO LADELFA | Administracion
CREATE;;2;4292;*;;GOMEZ FLORENCIA CECILIA | Obras
CREATE;;2;4293;*;;GONZALEZ DAIANA EMILSE | Administracion
CREATE;;2;4294;*;;Transporte Martinez SAS | Obras
CREATE;;2;4295;*;;TACCHELLA SRL | Obras
CREATE;;2;4296;*;;OBRAS ESPECIALES SA | Obras
CREATE;;2;10001;*;;EL ALAMBRADOR | Obras
CREATE;;1;110;*;;CHICO MARCELO HORACIO / AW | Alq Socios
CREATE;;1;2150;*;;GAUDINO GUSTAVO/ AW | Alq Socios
CREATE;;1;2302;*;;Hernandez Mercedez Maria / AW | Alq Socios
CREATE;;1;2296;*;;Zamorano Fernando Andres / AW | Alq Socios
CREATE;;1;2466;*;;Carrazana Gladys del Valle / AW | Alq Socios
CREATE;;1;2875;*;;RUBIO PAULA MARIA VERONICA/ AW | Alq Socios
CREATE;;1;2916;*;;PEREZ OSCAR ZENON / AW | Alq Socios
CREATE;;1;3064;*;;Dominguez Juan Luis / AW | Alq Socios
CREATE;;1;3172;*;;Marcoux Fernando Enrique / AW | Alq Socios
CREATE;;1;3092;*;;ZANATTO ANIBAL OMAR / AW | Alq Socios
CREATE;;1;3128;*;;Gomez Natalia Fatima / AW | Alq Socios
CREATE;;1;3153;*;;Leguizamon Adriana del V. / AW | Alq Socios
CREATE;;1;3456;*;;CORDOBA MARTA ELENA/ AW | Alq Socios
CREATE;;1;3465;*;;Pereira Tomasa Antonia / AW | Alq Socios
CREATE;;1;3419;*;;Zabala Aybar Hugo Victor/AW | Alq Socios
CREATE;;1;3420;*;;Jasaja Ricardo Raul /AW | Alq Socios
CREATE;;1;3423;*;;Castro Dardo Antonio / AW | Alq Socios
CREATE;;1;3412;*;;Acosta Laura Eugenia / AW | Alq Socios
CREATE;;1;3413;*;;Gimenez Julio Cesar/ AW | Alq Socios
CREATE;;1;3414;*;;CAPORALE ACTIS MARIA VALERIA / AW | Alq Socios
CREATE;;1;3415;*;;Ponce M. Virginia / AW | Alq Socios
CREATE;;1;3417;*;;Nasca Victor Martin / AW | Alq Socios
CREATE;;1;3524;*;;BRITO SONIA ALEJANDRA / AW | Alq Socios
CREATE;;1;3560;*;;Amaya Paula Mariana / AW | Alq Socios
CREATE;;1;3393;*;;Simon M. Graciela / AW | Alq Socios
CREATE;;1;3397;*;;Pariente Vallejo Maria Clara / AW | Alq Socios
CREATE;;1;3387;*;;Nieva Graciela Edith / AW | Alq Socios
CREATE;;1;3439;*;;Jimenez Mabel Fatima / AW | Alq Socios
CREATE;;1;3561;*;;Gonzalez Marcelo Fabian/ AW | Alq Socios
CREATE;;1;3643;*;;Villalon Susana Noemi / AW | Alq Socios
CREATE;;1;3929;*;;AVILA CARLOS DANTE / AW | Alq Socios
CREATE;;1;3908;*;;ROCHA JORGE ANTONIO / AW | Alq Socios
CREATE;;1;3909;*;;AGUIRRE SUSANA ELIZABETH / AW | Alq Socios
CREATE;;1;3910;*;;RODRIGUEZ SAMIRA BELEN / AW | Alq Socios
CREATE;;1;3911;*;;BARRIENTOS PABLO DAMIAN / AW | Alq Socios
CREATE;;1;3792;*;;MAHMUD NADIA NAHIR / AW | Alq Socios
CREATE;;1;3832;*;;Narbaja Sofia/AW | Alq Socios
CREATE;;1;3819;*;;VOSS NESTOR JOSE / AW | Alq Socios
CREATE;;1;3820;*;;DEL PERO RAUL IGNACIO / AW | Alq Socios
CREATE;;1;3666;*;;PEREZ MARIA ANTONIA / AW | Alq Socios
CREATE;;1;3681;*;;Aguilar Miguel Fernando / ML-WCL | Alq Socios
CREATE;;1;3710;*;;Paglioni Luis Osvaldo / AW | Alq Socios
CREATE;;1;3955;*;;BELLAGAMBA MELISA / AW | Alq Socios
CREATE;;1;3882;*;;SAAVEDRA JOSE ANIBAL / AW | Alq Socios
CREATE;;1;3638;*;;ACEVEDO LUIS RAUL / AW | Alq Socios
CREATE;;1;3680;*;;Paez Miguel Adrian / ML - WCL | Alq Socios
CREATE;;1;3721;*;;LICHTMAJER TOMAS / AW | Alq Socios
CREATE;;1;3618;*;;Heredia Victor Andres / AW | Alq Socios
CREATE;;1;3791;*;;JIMENEZ JUAN MARCELO / AW | Alq Socios
CREATE;;1;3853;*;;RODRIGUEZ JULIETA BEATRIZ / AW | Alq Socios
CREATE;;1;3622;*;;Reinoso Patricia Isabel / GCI-AW | Alq Socios
CREATE;;1;3848;*;;Aleman Karina Elizabeth / AW | Alq Socios
CREATE;;1;3890;*;;APUD EDUARDO A. / AW | Alq Socios
CREATE;;1;3663;*;;TARULLI ALBA PATRICIA / ML - WCL | Alq Socios
CREATE;;1;3715;*;;Caceres Carlos Alberto / ML - WCL | Alq Socios
CREATE;;1;3879;*;;GONZALEZ NADIA CONSTANZA / AW | Alq Socios
CREATE;;1;3694;*;;Centeno Cesar Augusto / AW | Alq Socios
CREATE;;1;3695;*;;Di Leo Jorge Victor/ ML - WCL | Alq Socios
CREATE;;1;3930;*;;NOUGUES DIEGO / AW | Alq Socios
CREATE;;1;3958;*;;SANTUCHO IVANA PAOLA/ AW | Alq Socios
CREATE;;1;3959;*;;PUERTAS ELIANA ALEJANDRA / AW | Alq Socios
CREATE;;1;3768;*;;SORIA MARIA CELESTE / AW | Alq Socios
CREATE;;1;3833;*;;Gonzalez Rodolfo Jose / AW | Alq Socios
CREATE;;1;3915;*;;LARA JUAN MANUEL / AW | Alq Socios
CREATE;;1;3703;*;;Rodriguez Vilma Liz / AW | Alq Socios
CREATE;;1;3704;*;;Quintana Norma Beatriz / AW | Alq Socios
CREATE;;1;3844;*;;Giolito Ruth Silvana/ AW | Alq Socios
CREATE;;1;3811;*;;Dip Amalia Alicia / AW | Alq Socios
CREATE;;1;3650;*;;Juarez Merce Atilio Hector / AW | Alq Socios
CREATE;;1;3762;*;;Arancibia Facundo / AW | Alq Socios
CREATE;;1;3607;*;;Aun AlejandraNoelia/ AW | Alq Socios
CREATE;;1;3735;*;;D Mayo Basualdo Carla Isabel / AW | Alq Socios
CREATE;;1;3784;*;;PALAVECINO ENRIQUE JESUS G. / AW | Alq Socios
CREATE;;1;3822;*;;Peters Jose Maria / AW | Alq Socios
CREATE;;1;3825;*;;Woiciechowski Adriana / AW | Alq Socios
CREATE;;1;3684;*;;Ramirez Mariela / AW | Alq Socios
CREATE;;1;3648;*;;CONCHA CATALAN ALVARO / AW | Alq Socios
CREATE;;1;3652;*;;PEÑAFLOR NATALIA JESSICA / AW | Alq Socios
CREATE;;1;3748;*;;WALLBERG GUSTAVO FEDERICO / AW | Alq Socios
CREATE;;1;3873;*;;PAZ ADRIANA JUANA / AW | Alq Socios
CREATE;;1;3939;*;;PRADO ARTURO / AW | Alq Socios
CREATE;;1;3941;*;;CANCINO PABLO DANIEL / AW | Alq Socios
CREATE;;1;3870;*;;COPELLO BARONE NATALIA / AW | Alq Socios
CREATE;;1;3938;*;;CORTEZ JORGE ORLANDO / AW | Alq Socios
CREATE;;1;4283;*;;SEQUEIRA MARIA EUGENIA / AW | Alq Socios
CREATE;;1;4324;*;;BERNARDO MARIELA DEL CARMEN / AW | Alq Socios
CREATE;;1;4157;*;;HEREDIA SILVIA SUSANA / AW | Alq Socios
CREATE;;1;4293;*;;CAPPETTA MARIA LUZ / AW | Alq Socios
CREATE;;1;4081;*;;VILLAGRAN IRMA NATALIA / AW | Alq Socios
CREATE;;1;4220;*;;JIMENEZ NANCY EDITH / AW | Alq Socios
CREATE;;1;4222;*;;BUSTOS NOEMI DEL CARMEN / AW | Alq Socios
CREATE;;1;4353;*;;TOLA VICTOR DAMIAN / AW | Alq Socios
CREATE;;1;4021;*;;ARANCIBIA MARIANA / AW | Alq Socios
CREATE;;1;4235;*;;TORRES ELSA DEL VALLE / AW | Alq Socios
CREATE;;1;4243;*;;CALVO BELASQUE MELISA / AW | Alq Socios
CREATE;;1;4092;*;;CORTEZ EXEQUIEL FRANCO / AW | Alq Socios
CREATE;;1;4099;*;;Paz Sergio Omar / AW | Alq Socios
CREATE;;1;4315;*;;MOSQUERA MANUEL JACOBO/ AW | Alq Socios
CREATE;;1;4335;*;;OVEJERO HECTOR DAMIAN / AW | Alq Socios
CREATE;;1;4014;*;;Parrado Veronica Paola / AW | Alq Socios
CREATE;;1;4025;*;;GALARZA CLAUDIA LILIANA / AW | Alq Socios
CREATE;;1;4310;*;;PIZARRO NATALIA MABEL / AW | Alq Socios
CREATE;;1;4354;*;;BARRIOS SILVINA ELBA J. / AW | Alq Socios
CREATE;;1;4012;*;;DESIMA ADRIANA MARGARITA / AW | Alq Socios
CREATE;;1;4061;*;;ROJO GUILLERMO AUGUSTO / AW | Alq Socios
CREATE;;1;4311;*;;CONDORI PEDRO VICTOR / AW | Alq Socios
CREATE;;1;4024;*;;RUIZ RAMONA ROSA / AW | Alq Socios
CREATE;;1;4170;*;;Decima Ivanna M Leticia / AW | Alq Socios
CREATE;;1;4228;*;;Gramajo Maria Jose/ AW | Alq Socios
CREATE;;1;4291;*;;Gramajo Deolinda Cecilia/ AW | Alq Socios
CREATE;;1;4314;*;;SOLORZANO SILVINA/ AW | Alq Socios
CREATE;;1;4251;*;;BICEGO MARIELA ELIZABETH / AW | Alq Socios
CREATE;;1;4260;*;;MOLINA CYNTHIA NOEMI / AW | Alq Socios
CREATE;;1;4261;*;;RUIZ LUIS ALBERTO / AW | Alq Socios
CREATE;;1;3970;*;;RODRIGUEZ MANUEL VICENTE / AW | Alq Socios
CREATE;;1;4125;*;;Alvarez Christian Benjamin /AW | Alq Socios
CREATE;;1;4178;*;;CORREA DARDO MATIAS / AW | Alq Socios
CREATE;;1;4211;*;;HEREDIA MYRIAM ELIZABETH / AW | Alq Socios
CREATE;;1;4258;*;;ASLAN EDUARDO DANIEL / AW | Alq Socios
CREATE;;1;4001;*;;ARGAÑARAZ SERGIO DAVID / AW | Alq Socios
CREATE;;1;4083;*;;Craba Jose Ricardo /AW | Alq Socios
CREATE;;1;4359;*;;CERRUTTI FABIAN MARTIN / AW | Alq Socios
CREATE;;1;4084;*;;VIDES EDUARDO HERMAN / AW | Alq Socios
CREATE;;1;4231;*;;FERRER MACARENA MARIA/ AW | Alq Socios
CREATE;;1;4240;*;;Ceballos Aida Felicinda / AW | Alq Socios
CREATE;;1;3967;*;;CUELLAR MARIA SOFIA / AW | Alq Socios
CREATE;;1;4085;*;;HERRERA GERMAN AUGUSTO / AW | Alq Socios
CREATE;;1;4087;*;;VARELA BRIAN NICOLAS / AW | Alq Socios
CREATE;;1;4303;*;;ORELLANO JORGE DANIEL / AW | Alq Socios
CREATE;;1;4177;*;;ARGAÑARAZ FABIANA PAOLA / AW | Alq Socios
CREATE;;1;4202;*;;Fernandez Mendez Roberto / AW | Alq Socios
CREATE;;1;4210;*;;MONTE CYNTIA NATALIA / AW | Alq Socios
CREATE;;1;4234;*;;ZELAYA ROBERTO MARCELO / AW | Alq Socios
CREATE;;1;4196;*;;SOSA SOFIA MASABEL / AW | Alq Socios
CREATE;;1;4203;*;;FERNANDEZ NICOLAS EMILIANO / AW | Alq Socios
CREATE;;1;4119;*;;CASTILLO MARIA FLORENCIA / AW | Alq Socios
CREATE;;1;4225;*;;BUSTOS RUBEN HORACIO / AW | Alq Socios
CREATE;;1;4106;*;;SOSA NANCI MABEL / AW | Alq Socios
CREATE;;1;4300;*;;BARTHABURU PAULA / AW | Alq Socios
CREATE;;1;4348;*;;MARIÑO CLAUDIO MARCELO / AW | Alq Socios
CREATE;;1;4385;*;;MAIDANA MATIAS NAHUEL / AW | Alq Socios
CREATE;;1;4169;*;;RODRIGUEZ MAIRA DALILA / AW | Alq Socios
CREATE;;1;4389;*;;VELIXAN SEGUNDO NERI / AW | Alq Socios
CREATE;;1;4391;*;;VAQUEZ VERONICA VALERIA /AW | Alq Socios
CREATE;;1;4410;*;;PALACIOS NESTOR RAUL / AW | Alq Socios
CREATE;;1;4412;*;;AMEIJDE MARIA INES / AW | Alq Socios
CREATE;;1;4420;*;;MIGUEL DELFINA / AW | Alq Socios
CREATE;;1;4425;*;;ARRAYA FERNANDA MARIA / AW | Alq Socios
CREATE;;1;4427;*;;RUIZ RAUL ALEJANDRO/ AW | Alq Socios
CREATE;;1;4445;*;;ESCOBAR MARTHA INES / AW | Alq Socios
CREATE;;1;4479;*;;RIVERA GABRIELA DE LOS A./ AW | Alq Socios
CREATE;;1;4480;*;;FARIAS MARTINEZ YUDITH GISELLA / AW | Alq Socios
CREATE;;1;4411;*;;BARRIONUEVO MARIA ANTONELA / AW | Alq Socios
CREATE;;1;4450;*;;BRAVO OSCAR RAFAEL / AW | Alq Socios
CREATE;;1;4438;*;;ROMANINI FRANCO PATRICIO / AW | Alq Socios
CREATE;;1;4466;*;;TERAN BAUTISTA / AW | Alq Socios
CREATE;;1;4481;*;;OLARTES MEDINA VERA / AW | Alq Socios
CREATE;;1;4487;*;;FRIAS ROBERTO EDGARDO / AW | Alq Socios
CREATE;;1;4456;*;;ABAN ANA SOLEDAD / AW | Alq Socios
CREATE;;1;4490;*;;FERRER JULIANA SOFIA / AW | Alq Socios
CREATE;;1;4495;*;;COSTILLA ARMANDO OMAR / AW | Alq Socios
CREATE;;1;4498;*;;ALABARCE DEBORA LUCIANA / AW | Alq Socios
CREATE;;1;4463;*;;LUNA JUAN CARLOS / AW | Alq Socios
CREATE;;1;4473;*;;GEREZ CLAUDIA DEL VALLE / AW | Alq Socios
CREATE;;1;4506;*;;DIAZ PEREYRA VERONICA / AW | Alq Socios
CREATE;;1;4508;*;;DEL TIEMPO LEONARDO / AW | Alq Socios
CREATE;;1;4531;*;;SUCAR PATRICIO EDGARDO / AW | Alq Socios
CREATE;;1;4507;*;;MARDER OSCAR SEBASTIAN / AW | Alq Socios
CREATE;;1;4548;*;;MONACHESI CESAR EZEQUIEL/ AW | Alq Socios
CREATE;;1;4553;*;;SALOMON TOLEDO CAROLINA M./ AW | Alq Socios
CREATE;;1;4552;*;;MALDONADO SANDRA ELIZABEHT / AW | Alq Socios
CREATE;;1;4562;*;;HASAN ALE AHMAD / AW | Alq Socios
CREATE;;1;2252;*;;Fermi Beneventana Sandra / GCI | Alq Socios
CREATE;;1;2665;*;;Olivera M. Eugenia / GCI | Alq Socios
CREATE;;1;2838;*;;GALEOTTI MARIA CELINA / GCI | Alq Socios
CREATE;;1;2853;*;;CONTRERAS VICTORIA DEL VALLE / GCI | Alq Socios
CREATE;;1;2808;*;;Cisneros Stella Maris /GCI | Alq Socios
CREATE;;1;2935;*;;Zelarayan David Alberto / GCI | Alq Socios
CREATE;;1;2936;*;;Araoz Raul Rodolfo | Alq Socios
CREATE;;1;3061;*;;Diaz Facundo Joaquin / GCI | Alq Socios
CREATE;;1;3173;*;;Martin Mabel Marcela / GCI | Alq Socios
CREATE;;1;3226;*;;Llewellyn Isabel Zulema | Alq Socios
CREATE;;1;3374;*;;Pinto Griselda Raquel / GCI | Alq Socios
CREATE;;1;3324;*;;CORDOBA MARIA LUZ / GCI | Alq Socios
CREATE;;1;3401;*;;AGUIRRE HECTOR DANIEL / GCI | Alq Socios
CREATE;;1;3523;*;;Abad Alejandro Daniel | Alq Socios
CREATE;;1;3453;*;;Pannuto Bruno Felix / GCI | Alq Socios
CREATE;;1;3562;*;;MORAN PABLO HECTOR / GCI | Alq Socios
CREATE;;1;3563;*;;Villa Aleman Alejando / GCI | Alq Socios
CREATE;;1;3333;*;;VEGA LOURDES AGUSTINA / GCI | Alq Socios
CREATE;;1;3302;*;;Acotto German Agustin/ GCI | Alq Socios
CREATE;;1;3303;*;;Avila Hael Graciela Natividad / GCI | Alq Socios
CREATE;;1;3818;*;;MICALE JESUS NICOLAS / GCI | Alq Socios
CREATE;;1;3878;*;;TABERNA GONZALO FEDERICO / GCI | Alq Socios
CREATE;;1;3928;*;;TORRES VERONICA ANA / GCI | Alq Socios
CREATE;;1;3777;*;;ALEJO TORRES MIGUEL ARMANDO/GCI | Alq Socios
CREATE;;1;3796;*;;VARELA CAMILA SOL / GCI | Alq Socios
CREATE;;1;3658;*;;Brito Angel Adolfo / GCI | Alq Socios
CREATE;;1;3709;*;;Recalde Alvarez  Mauro Martin / GCI | Alq Socios
CREATE;;1;3631;*;;Meza Claudia Andrea /GCI | Alq Socios
CREATE;;1;3679;*;;Diaz Graciela Maria / GCI | Alq Socios
CREATE;;1;3836;*;;Tejerina Raul / GCI | Alq Socios
CREATE;;1;3893;*;;Mangarella Silvia Beatriz / GCI | Alq Socios
CREATE;;1;3713;*;;Yapura Maria del Jesus / GCI | Alq Socios
CREATE;;1;3714;*;;Torres Hector Favio/ GCI | Alq Socios
CREATE;;1;3891;*;;LAURICELLA JOAQUIN / GCI | Alq Socios
CREATE;;1;3895;*;;Garcia Ivana del Valle/ GCI | Alq Socios
CREATE;;1;3852;*;;Del Bueno ana Carolina / GCI | Alq Socios
CREATE;;1;3913;*;;SANCHEZ MARCOS EMMANUEL / GCI | Alq Socios
CREATE;;1;3664;*;;MENDOZA LEONARDO / ML - WCL | Alq Socios
CREATE;;1;3570;*;;Valdivia Lucinda / GCI | Alq Socios
CREATE;;1;3787;*;;MEDINA PERALTA RUBEN A. / GCI | Alq Socios
CREATE;;1;3750;*;;EMDAN MARINA PATRICIA / GCI | Alq Socios
CREATE;;1;3806;*;;BAZAN GABRIEL ESTEBAN / GCI | Alq Socios
CREATE;;1;3580;*;;Pintos Natalia Romina / GCI | Alq Socios
CREATE;;1;3726;*;;Carrizo Juan Antonio / GCI | Alq Socios
CREATE;;1;3660;*;;Tejerina Ana Del Valle / ML - WCL | Alq Socios
CREATE;;1;3671;*;;Soria Natalia del Valle/GCI | Alq Socios
CREATE;;1;3751;*;;Castro Victor R / GCI | Alq Socios
CREATE;;1;3794;*;;DIP MARCELO ALEJANDRO / GCI | Alq Socios
CREATE;;1;3795;*;;Figueroa Jose Manuel / GCI | Alq Socios
CREATE;;1;3802;*;;RAYA NATALIA SOLEDAD / GCI | Alq Socios
CREATE;;1;3736;*;;Pascual Iñigo Sofia Micaela / GCI | Alq Socios
CREATE;;1;3809;*;;Correa Ramona del Valle / GCI | Alq Socios
CREATE;;1;3827;*;;ROMERO MIRIAM EDITH / GCI | Alq Socios
CREATE;;1;3907;*;;HUAMANI ARROYO VANESA / GCI | Alq Socios
CREATE;;1;3943;*;;Orellana Sonia Gabriela / GCI | Alq Socios
CREATE;;1;3647;*;;DIAZ FEDERICO EZEQUIEL / GCI | Alq Socios
CREATE;;1;3576;*;;Cornejo Giunta M. Jose / GCI | Alq Socios
CREATE;;1;3641;*;;FRIAS MARIA ANGELICA / ML - WCL | Alq Socios
CREATE;;1;3665;*;;Vilte Aurelia Odilia / ML-WCL | Alq Socios
CREATE;;1;3683;*;;Lobo Silvia Rossana / ML -WCL | Alq Socios
CREATE;;1;3850;*;;Palomino Elsa Margarita / GCI | Alq Socios
CREATE;;1;3880;*;;SALVATIERRA FRANCO MIGUEL / GCI | Alq Socios
CREATE;;1;3888;*;;ARREGUEZ BRUNO MATIAS / GCI | Alq Socios
CREATE;;1;3635;*;;Portal Maribel Roxana / GCI | Alq Socios
CREATE;;1;4117;*;;SANDOVAL VALENTIN MAXIMILIANO / GCI | Alq Socios
CREATE;;1;4327;*;;ANTONINI SERGIO FERNANDO / GCI | Alq Socios
CREATE;;1;4374;*;;SEGURA CARLOS HERNAN / GCI | Alq Socios
CREATE;;1;4038;*;;SANJUAN MONTOYA CARLOS GABRIEL / GCI | Alq Socios
CREATE;;1;4236;*;;GUTIERREZ INGRID GUADALUPE / GCI | Alq Socios
CREATE;;1;4036;*;;CORIA MARISA DE LOS A./ GCI | Alq Socios
CREATE;;1;4295;*;;ZAVALETA CONSTANZA MARIA / GCI | Alq Socios
CREATE;;1;4017;*;;BARRIONUEVO ALBERTO MICHEL / GCI | Alq Socios
CREATE;;1;4160;*;;Carmena Marcelo Ramon / GCI | Alq Socios
CREATE;;1;4140;*;;Alcorta Gonzalo Javier / GCI | Alq Socios
CREATE;;1;4181;*;;Vera Sonia del Carmen / GCI | Alq Socios
CREATE;;1;4227;*;;RUIZ NORMA AZUCENA / GCI | Alq Socios
CREATE;;1;4242;*;;BERRONDO KARINA DEL VALLE / GCI | Alq Socios
CREATE;;1;4357;*;;FERNANDEZ MARIA FATIMA / GCI | Alq Socios
CREATE;;1;4069;*;;PEREZ SERGIO PAULO / GCI | Alq Socios
CREATE;;1;4194;*;;NIEVA CARLA ELIZABETH / GCI | Alq Socios
CREATE;;1;4056;*;;PEREZ CRISTIAN SEBASTIAN / GCI | Alq Socios
CREATE;;1;4122;*;;SALAS MATIAS ALEJANDRO / GCI | Alq Socios
CREATE;;1;4219;*;;Wilde Sergio Ladislao / GCI | Alq Socios
CREATE;;1;3992;*;;CHAILE JESICA CINTIA / GCI | Alq Socios
CREATE;;1;4171;*;;Cardozo Roxana Isabel /GCI | Alq Socios
CREATE;;1;4252;*;;RODRIGUEZ MARIA LAURA / GCI | Alq Socios
CREATE;;1;4259;*;;MOLINA MARIA CELESTE / GCI | Alq Socios
CREATE;;1;4278;*;;CABRERA TAMARA DEL VALLE / GCI | Alq Socios
CREATE;;1;4388;*;;Mariani Vanesa Elizabeth / GCI | Alq Socios
CREATE;;1;4387;*;;VALDEZ FRANCO NICOLAS / GCI | Alq Socios
CREATE;;1;4005;*;;Pulido Olga Liliana del V. / GCI | Alq Socios
CREATE;;1;3975;*;;DIAZ PABLO NICOLAS / GCI | Alq Socios
CREATE;;1;3976;*;;ALVAREZ CRISTIAN DIEGO J. / GCI | Alq Socios
CREATE;;1;3997;*;;NAJAR MARTA ALEJANDRA / GCI | Alq Socios
CREATE;;1;4212;*;;ARCE JUAN EDUARDO / GCI | Alq Socios
CREATE;;1;4141;*;;VERGARA JUSTINA YOLANDA / GCI | Alq Socios
CREATE;;1;4008;*;;ARGAÑARAZ OLGA ELENA / GCI | Alq Socios
CREATE;;1;4246;*;;DALUZ PATRICIA DEL CARMEN / GCI | Alq Socios
CREATE;;1;4076;*;;LIZARRAGA FRANCISCO RAMON / GCI | Alq Socios
CREATE;;1;4088;*;;SOSA ANGEL FABIAN / GCI | Alq Socios
CREATE;;1;4198;*;;RUEDA JOSE ROLANDO / GCI | Alq Socios
CREATE;;1;4200;*;;ROSSINI LUACES ANDRES PAOLO / GCI | Alq Socios
CREATE;;1;4009;*;;DIAZ MATIAS RODRIGO / GCI | Alq Socios
CREATE;;1;4010;*;;DEL VALLE MIRTHA SUSANA / GCI | Alq Socios
CREATE;;1;4098;*;;Perillo Daniel A./ GCI | Alq Socios
CREATE;;1;4105;*;;DECIMA CINTHYA EDITH / GCI - AW | Alq Socios
CREATE;;1;4250;*;;TAMER MARIA SOLANA / GCI | Alq Socios
CREATE;;1;4292;*;;IRAMAIN JULIETA MARIA / GCI | Alq Socios
CREATE;;1;4013;*;;SACCOMANI GRACIELA ROMINA / GCI | Alq Socios
CREATE;;1;4204;*;;GALLARDO ELSA ESTHER / GCI | Alq Socios
CREATE;;1;4253;*;;LOPEZ DAVID DANIEL / GCI | Alq Socios
CREATE;;1;4285;*;;VEGA ALEJANDRA RAFAELA / GCI | Alq Socios
CREATE;;1;4286;*;;LA RUBIA ANTONIO MANUEL / GCI | Alq Socios
CREATE;;1;4029;*;;LEAL NUÑEZ CINTIA VANESA / GCI | Alq Socios
CREATE;;1;4101;*;;SALAZAR MARIA ALEJANDRA / GCI | Alq Socios
CREATE;;1;4328;*;;ROBINSON ANA ISABEL / GCI | Alq Socios
CREATE;;1;4060;*;;ROMANO ALEXIS NICOLAS / GCI | Alq Socios
CREATE;;1;4237;*;;ROMANO ROQUE MARCELO / GCI | Alq Socios
CREATE;;1;4334;*;;MIGUEZ RUBEN EUGENIO / GCI | Alq Socios
CREATE;;1;4096;*;;CHAVEZ ROBERTO RAFAEL / GCI -AW | Alq Socios
CREATE;;1;4208;*;;ALCORTA GUSTAVO EXEQUIEL / GCI | Alq Socios
CREATE;;1;4355;*;;AVILA MOLINA DENISSE ABIGAIL / GCI | Alq Socios
CREATE;;1;4362;*;;Martinez Nila Marisa / GCI | Alq Socios
CREATE;;1;4380;*;;RAVENAU GUILLERMO WILSON / GCI | Alq Socios
CREATE;;1;4402;*;;RAMOS ADRIANA RAQUEL / GCI | Alq Socios
CREATE;;1;4418;*;;DIAZ FIDEL ORLANDO / GCI | Alq Socios
CREATE;;1;4436;*;;RUIZ HERNAN ANDRES / GCI | Alq Socios
CREATE;;1;4458;*;;OTERO HANNAH MARIEL / GCI | Alq Socios
CREATE;;1;4446;*;;DELSOL LAUTARO J./ GCI | Alq Socios
CREATE;;1;4448;*;;ROBLES WIERNA DARIO S. / GCI | Alq Socios
CREATE;;1;4403;*;;RIVADENEIRA MARIA ALEJANDRA / GCI | Alq Socios
CREATE;;1;4440;*;;DE LA QUINTANA MARCELO / GCI | Alq Socios
CREATE;;1;4449;*;;MEDINA HECTOR FRANCISCO / GCI | Alq Socios
CREATE;;1;4453;*;;PERALTA ATILIO LUCAS / GCI | Alq Socios
CREATE;;1;4464;*;;AGUILAR FLORENCIA MARIELA / GCI | Alq Socios
CREATE;;1;4459;*;;ALVARADO PABLO FERNANDO / GCI | Alq Socios
CREATE;;1;4472;*;;HERRERA MARCOS EDMUNDO / GCI | Alq Socios
CREATE;;1;4504;*;;RUIZ ANA MARIA I. / GCI | Alq Socios
CREATE;;1;4519;*;;VERON BRANDAN OSCAR ELIAS / GCI | Alq Socios
CREATE;;1;4523;*;;IBAÑEZ DANIEL ALBERTO / GCI | Alq Socios
CREATE;;1;4529;*;;ACOSTA IGNACIO MATIAS / GCI | Alq Socios
CREATE;;1;4524;*;;SOTELO NELSON MIGUEL / GCI | Alq Socios
CREATE;;1;4521;*;;CORVALAN MARIA JOSE / GCI | Alq Socios
CREATE;;1;4561;*;;MIROLI LOMBARDO SILVIA NOELIA / GCI | Alq Socios
CREATE;;1;4550;*;;LUNA CYNTHIA DEL CARMEN / GCI | Alq Socios
CREATE;;1;4554;*;;CISNEROS DENISE JESUS / GCI | Alq Socios
CREATE;;1;3539;*;;GIROTO MARIA LOURDES / EL | Alq Socios
CREATE;;1;3782;*;;HARO FERNANDO / EL | Alq Socios
CREATE;;1;3645;*;;CASTILLO JOSE LUIS / EL | Alq Socios
CREATE;;1;3905;*;;LOPEZ LIFONA GIMENA E. / EL | Alq Socios
CREATE;;1;3691;*;;Dominguez Hector Gabriel / EL | Alq Socios
CREATE;;1;3702;*;;Pedraza Diego Ernesto / ML- WCL | Alq Socios
CREATE;;1;3670;*;;Catalan Fernando Ariel / ML - WCL | Alq Socios
CREATE;;1;3708;*;;Gonzalez Antonio Florencio / EL | Alq Socios
CREATE;;1;3668;*;;Reinoso Angelica del V. / ML - WCL | Alq Socios
CREATE;;1;3810;*;;Gonzalez Maria Rosa / EL | Alq Socios
CREATE;;1;3937;*;;CARO ROCIO ANAHI / EL | Alq Socios
CREATE;;1;3901;*;;PUCHULU MARIA BEATRIZ / EL | Alq Socios
CREATE;;1;3675;*;;Vilche Gonzalo Nicolas / EL | Alq Socios
CREATE;;1;3677;*;;Rojas Alfredo Omar / EL | Alq Socios
CREATE;;1;3834;*;;SIGAMPA AMELIA DEL VALLE / EL | Alq Socios
CREATE;;1;3906;*;;OVEJERO CARLOS MARCELO / EL | Alq Socios
CREATE;;1;3773;*;;GARCIA CRISTHIAN FERNANDO / EL | Alq Socios
CREATE;;1;4345;*;;CORREA DANIELA EDITH / EL | Alq Socios
CREATE;;1;4229;*;;ALBORNOZ LUCIANA / EL | Alq Socios
CREATE;;1;4230;*;;DEMETRIO MARIA JOSE / EL | Alq Socios
CREATE;;1;4247;*;;AHADO PAGANI CESAR D./ EL | Alq Socios
CREATE;;1;4080;*;;TABOADA ATILIO DEL VALLE / EL | Alq Socios
CREATE;;1;4172;*;;VARGAS RICARDO BENJAMIN / EL | Alq Socios
CREATE;;1;4379;*;;PEINADO MARIA CONSTANZA / EL | Alq Socios
CREATE;;1;3993;*;;MONERRIS SEBASTIAN LUIS / EL | Alq Socios
CREATE;;1;4226;*;;ZURITA MARCELO JOSUE / EL | Alq Socios
CREATE;;1;4023;*;;ALE MONICA YSABEL / EL | Alq Socios
CREATE;;1;4028;*;;VALDEZ GUSTAVO GERARDO / EL | Alq Socios
CREATE;;1;4394;*;;Ana Roberto Raul / EL | Alq Socios
CREATE;;1;3979;*;;IBRI ELIZABETH / EL | Alq Socios
CREATE;;1;4152;*;;Lopez Flavia Gabriela / EL | Alq Socios
CREATE;;1;3969;*;;Diaz Susana Fatima / EL | Alq Socios
CREATE;;1;4032;*;;CAROL MARIA VIRGINIA / EL | Alq Socios
CREATE;;1;4287;*;;CASTILLO CASAÑAS DELFINA / EL | Alq Socios
CREATE;;1;4018;*;;LOBO RITA ELVIRA / EL | Alq Socios
CREATE;;1;4322;*;;RODRIGUEZ LUIS ALBERTO / EL | Alq Socios
CREATE;;1;4120;*;;VARGAS ESTEBAN MARIO / EL | Alq Socios
CREATE;;1;4271;*;;MEDINA ENZO DAVID / EL | Alq Socios
CREATE;;1;4349;*;;PAVON LUCIANA DEL ROSARIO / EL | Alq Socios
CREATE;;1;4373;*;;ALE LUIS ALBERTO / EL | Alq Socios
CREATE;;1;4382;*;;LEGUIZAMON MARCELA JOSEFA / EL | Alq Socios
CREATE;;1;4492;*;;CUELLO CONRADO AGUSTIN / EL | Alq Socios
CREATE;;1;4471;*;;PONCE MONICA ELIZABETH / EL | Alq Socios
CREATE;;1;4503;*;;CASTOLDI DOLORES BEATRIZ / EL | Alq Socios
CREATE;;1;4513;*;;FERNANDEZ CARLA VALENTINA / EL | Alq Socios
CREATE;;1;2189;*;;PACHECO MARCELA MARIA DE FATIMA | Alq Socios
CREATE;;1;2993;*;;Larrea Marta Cecilia / AW - GCI | Alq Socios
CREATE;;1;4279;*;;AGUILERA PATRICIA ROXANA | Alq Socios
CREATE;;1;4559;*;;BERMUDEZ CARLOS MIGUEL / AW - GCI | Alq Socios
CREATE;;1;4541;*;;GUZMAN YAMIL LOURDES / AW - GCI | Alq Socios
CREATE;;1;4551;*;;ARRIETA CRUZ MATHIAS / AW - GCI | Alq Socios
CREATE;;1;4560;*;;SEGUER GABRIEL EZEQUIEL / AW - GCI | Alq Socios
CREATE;;1;4544;*;;PADILLA ANDREA FLORENCIA / AW - GCI | Alq Socios
CREATE;;1;2641;*;;Pastrana Victor Alexis / Mohedano Raul | Alq Terceros
CREATE;;1;2799;*;;DECIMA MARIO ORLANDO / MOHEDANO RAUL | Alq Terceros
CREATE;;1;2871;*;;Pacheco Abel Saady / Mohedano | Alq Terceros
CREATE;;1;3077;*;;Obando Manuel Sebastian / Mohedano Raul | Alq Terceros
CREATE;;1;3256;*;;Gallo Andrea Jimena/ Mohedano Raul | Alq Terceros
CREATE;;1;3124;*;;GONZALEZ ROSENDO PASCUAL / MOHEDANO | Alq Terceros
CREATE;;1;3531;*;;MEDINA GABRIELA PAOLA / MOHEDANO | Alq Terceros
CREATE;;1;3486;*;;BARRIENTOS MARIA ANDREA / MOHEDANO RAUL | Alq Terceros
CREATE;;1;3529;*;;SALINA CARLOS RODOLFO / MOHEDANO | Alq Terceros
CREATE;;1;3295;*;;GOMEZ MARTIN (TRANSPORTE) / Mohedano Raul | Alq Terceros
CREATE;;1;3889;*;;BOLLEA WALTER HORACIO / MOHEDANO | Alq Terceros
CREATE;;1;3837;*;;Brandan Gustavo Fabian / Mohedano Raul | Alq Terceros
CREATE;;1;3839;*;;Albornoz Toledo Constanza P / Mohedano Raul | Alq Terceros
CREATE;;1;3780;*;;LEDESMA MARIA JOSEFINA / Mohedano Raul | Alq Terceros
CREATE;;1;4138;*;;DIAZ MARCOS IVAN / MOHEDANO | Alq Terceros
CREATE;;1;4187;*;;SOLORZANO JORGE ARIEL / MOHEDANO | Alq Terceros
CREATE;;1;4156;*;;GARCIA QUIPILDOR CESAR / MOHEDANO | Alq Terceros
CREATE;;1;4066;*;;CERMIGNANI JESUS ESTEBAN / MOHEDANO | Alq Terceros
CREATE;;1;4184;*;;VEGA MARIA ALEJANDRA / MOHEDANO | Alq Terceros
CREATE;;1;3409;*;;Sueldo Gaston Alfredo / D´Andrea Luis | Alq Terceros
CREATE;;1;3472;*;;Paz Jose Ernesto/Casali Cecilia | Alq Terceros
CREATE;;1;3790;*;;Goldfeld Patricia Mabel / Casali Cecilia | Alq Terceros
CREATE;;1;3815;*;;Cardozo Eduardo Adrian / Casali | Alq Terceros
CREATE;;1;1431;*;;Brito Juan Manuel/ Pedroni | Alq Terceros
CREATE;;1;2158;*;;Del Llanos Diego/ Pedroni Juan C. | Alq Terceros
CREATE;;1;2599;*;;Garnica Esteban Exequiel / Pedroni J. C | Alq Terceros
CREATE;;1;3532;*;;MOLBERT VIDAL HECTOR SEBASTIAN / PEDRONI | Alq Terceros
CREATE;;1;3273;*;;JAIME DAIANA ELIZABETH / PEDRONI | Alq Terceros
CREATE;;1;3571;*;;PARRADO JORGE SANTIAGO / PEDRONI | Alq Terceros
CREATE;;1;3826;*;;FUENTE FERNANDO MATIAS / PEDRONI | Alq Terceros
CREATE;;1;3892;*;;SORIA MARIA ROSA / PEDRONI | Alq Terceros
CREATE;;1;3843;*;;LESCANO ALICIA SUSANA / PEDRONI | Alq Terceros
CREATE;;1;3628;*;;MORENO SANDRA ELIZABETH / PEDRONI | Alq Terceros
CREATE;;1;4267;*;;DOLSAN HECTOR MARCELO / PEDRONI | Alq Terceros
CREATE;;1;4182;*;;ARAOZ DEBORAH ELIZABETH / PEDRONI | Alq Terceros
CREATE;;1;3982;*;;BARROS JUAN FRANCISCO / PEDRONI | Alq Terceros
CREATE;;1;4193;*;;ANASTACIO JESSICA JANET / PEDRONI | Alq Terceros
CREATE;;1;4079;*;;SANCRE MOLINA MATIAS L. / PEDRONI | Alq Terceros
CREATE;;1;4270;*;;PAZ ESTER DEL ROSARIO / PEDRONI | Alq Terceros
CREATE;;1;4205;*;;MONTERO FERNANDA MICAELA / PEDRONI | Alq Terceros
CREATE;;1;4476;*;;ALBO RICARDO DAVID / PEDRONI | Alq Terceros
CREATE;;1;3246;*;;BLASER LILIANA DEL VALLE / SPINELLI | Alq Terceros
CREATE;;1;3255;*;;GUTIERREZ CLAUDIA ZULEMA / SPINELLI | Alq Terceros
CREATE;;1;3477;*;;COLOMBRES MARTIN EDUARDO / SPINELLI ROCA | Alq Terceros
CREATE;;1;3789;*;;AMADO FRANCO DANIEL / SPINELLI | Alq Terceros
CREATE;;1;3812;*;;SILVA GABRIEL ALBERTO / SPINELLI | Alq Terceros
CREATE;;1;3866;*;;AGUERO ANDRES HORACIO / SPINELLI | Alq Terceros
CREATE;;1;4284;*;;PAVERSAN BETANIA FABIOLA / SPINELLI | Alq Terceros
CREATE;;1;4154;*;;PALACIOS MARIA FELICITAS / SPINELLI | Alq Terceros
CREATE;;1;4059;*;;NAVARRO ALEJANDRA MARIA / SPINELLI | Alq Terceros
CREATE;;1;4408;*;;GUZMAN VANINA AYELEN / SPINELLI | Alq Terceros
CREATE;;1;4422;*;;PALACIOS ALFREDO JORGE / SPINELLI | Alq Terceros
CREATE;;1;2576;*;;Gonzalez Gabriela anahi / Prado E. | Alq Terceros
CREATE;;1;2685;*;;Gonzalez Rodrigo Tomas / Prado Enrique | Alq Terceros
CREATE;;1;3104;*;;Gimenez Natala Elizabeth / Prado Enrique | Alq Terceros
CREATE;;1;3194;*;;Soria M. Eugenia/ Prado E. | Alq Terceros
CREATE;;1;3202;*;;VICARI LECCESE SILVIA ROXANA / PRADO | Alq Terceros
CREATE;;1;3107;*;;Parra Maria Emilia / Prado Enrique | Alq Terceros
CREATE;;1;3191;*;;Alu Navarro David Ivan / Prado E. | Alq Terceros
CREATE;;1;3440;*;;LAZARTE EXEQUIEL DAVID / PRADO | Alq Terceros
CREATE;;1;3504;*;;HERRERA MAXIMILIANO / PRADO | Alq Terceros
CREATE;;1;3473;*;;Paez Analia del Valle / Prado Enrique | Alq Terceros
CREATE;;1;3490;*;;Roldan Dalma Esther / PRado E. | Alq Terceros
CREATE;;1;3528;*;;Gramajo Luis Alberto / Prado | Alq Terceros
CREATE;;1;3329;*;;Gerez Nora/ Prado E | Alq Terceros
CREATE;;1;3487;*;;Muruaga Juan Manuel / Prado Enrique | Alq Terceros
CREATE;;1;3921;*;;DECIMA JOSE CIPRIANO / PRADO | Alq Terceros
CREATE;;1;3857;*;;SUELDO ANGEL ALFREDO / PRADO | Alq Terceros
CREATE;;1;3863;*;;CASTILLO ALEJANDRA NOEMI / PRADO | Alq Terceros
CREATE;;1;3568;*;;Figueroa Rau Matias / Prado | Alq Terceros
CREATE;;1;3584;*;;Sabalza Matin Alejandro / Prado | Alq Terceros
CREATE;;1;3920;*;;ROMERO BESSONE FACUNDO / PRADO | Alq Terceros
CREATE;;1;3604;*;;Cardenas Cabrera Carla/ Prado E. | Alq Terceros
CREATE;;1;3575;*;;Leal Alberto Anibal / Prado | Alq Terceros
CREATE;;1;3881;*;;VELASQUEZ SANCHEZ GLENYS V. / PRADO | Alq Terceros
CREATE;;1;3923;*;;BERARDINELLI ELENA MARIA / PRADO | Alq Terceros
CREATE;;1;4296;*;;LAZARTE CRISTIAN ROLANDO / PRADO | Alq Terceros
CREATE;;1;4127;*;;Lobo Edgardo Antonio / Prado E. | Alq Terceros
CREATE;;1;4294;*;;RODRIGUEZ RAFAEL IVAN / PRADO | Alq Terceros
CREATE;;1;4077;*;;ERAZO SANDRO ANIBAL / PRADO | Alq Terceros
CREATE;;1;4367;*;;APUD GABRIELA DEL VALLE / PRADO | Alq Terceros
CREATE;;1;4526;*;;SALINAS YANINA ISABEL / PRADO | Alq Terceros
CREATE;;1;4525;*;;GUZMAN ANDREA MAGALI / PRADO | Alq Terceros
CREATE;;1;3614;*;;RUIZ SEBASTIAN ANDRES/ ZAMORA | Alq Terceros
CREATE;;1;3845;*;;FARFAN VIRGINIA ELISABET / VN | Alq Terceros
CREATE;;1;3840;*;;Saez Daniela Fernanda / VN | Alq Terceros
CREATE;;1;3942;*;;AYALA ANDREA JUDITH / VN | Alq Terceros
CREATE;;1;3716;*;;Paez Juan Francisco / VN | Alq Terceros
CREATE;;1;4006;*;;CONDORI OSCAR ALBERTO / VN | Alq Terceros
CREATE;;1;4151;*;;SORIA JOSE LUIS / VN | Alq Terceros
CREATE;;1;4319;*;;GALLARDO MIRTA CAROLINA / VN | Alq Terceros
CREATE;;1;4241;*;;CORBALAN PABLO DARIO / VN | Alq Terceros
CREATE;;1;4470;*;;CARRION ENRIQUE ROLANDO / VN | Alq Terceros
CREATE;;1;4502;*;;BRIZUELA RUBEN ANIBAL / VN | Alq Terceros
CREATE;;1;4530;*;;SOSA SILVANA MARIA / VN | Alq Terceros
CREATE;;1;3732;*;;Caro Maxima Justina / ML | Alq Terceros
CREATE;;1;3629;*;;SANDILLI LOURDES ANTONELLA / ML | Alq Terceros
CREATE;;1;3690;*;;Roldan Marta del Valle / ML | Alq Terceros
CREATE;;1;3697;*;;Coronel Alvaro Daniel / ML | Alq Terceros
CREATE;;1;3669;*;;Palacios Matias Alejandro / ML | Alq Terceros
CREATE;;1;3770;*;;NAMEN CARLOS ANTONIO / ML | Alq Terceros
CREATE;;1;3914;*;;RODRIGUEZ ENRIQUE JORGE / ML | Alq Terceros
CREATE;;1;3693;*;;Dip Jorge Dario / ML | Alq Terceros
CREATE;;1;3816;*;;LIZARRAGA ENZO EXEQUIEL / ML | Alq Terceros
CREATE;;1;3672;*;;Chavarria Angel Mariano/ ML | Alq Terceros
CREATE;;1;3912;*;;Quiros Jose Daniel / ML | Alq Terceros
CREATE;;1;3646;*;;PEDROZA VALENTIN / ML | Alq Terceros
CREATE;;1;3637;*;;Sotillo Geronima Josefa | Alq Terceros
CREATE;;1;3785;*;;SOSA MARIA PAULA / ML | Alq Terceros
CREATE;;1;3821;*;;AUDAGNA JUAN CARLOS / ML | Alq Terceros
CREATE;;1;3897;*;;Ponce Enrique Alfredo / ML | Alq Terceros
CREATE;;1;3654;*;;ERAZO NORMANDO ANIBAL / ML - WCL | Alq Terceros
CREATE;;1;3981;*;;ORELLANA HECTOR FABIAN / ML | Alq Terceros
CREATE;;1;4217;*;;CAMERONI BUSTOS MAXIMILIANO / ML | Alq Terceros
CREATE;;1;4262;*;;AYBAR PRISCILA ROMINA / ML | Alq Terceros
CREATE;;1;4364;*;;DIAZ MIGUEL FERNANDO / ML | Alq Terceros
CREATE;;1;4128;*;;MAJOLLI GERONIMO / ML | Alq Terceros
CREATE;;1;4358;*;;GUZMAN ENZO RAFAEL / ML | Alq Terceros
CREATE;;1;3995;*;;MIÑO CLARIZA DE LA ROSA / ML | Alq Terceros
CREATE;;1;3991;*;;CAMUS ROXANA ELIZABETH / ML | Alq Terceros
CREATE;;1;3966;*;;ORREGO LUIS NICOLAS / ML | Alq Terceros
CREATE;;1;4218;*;;Castro Segundo Marcelo/ ML | Alq Terceros
CREATE;;1;4209;*;;GAUNA CESAR ROBERTO / ML | Alq Terceros
CREATE;;1;4002;*;;DIAZ MARIA CRISTINA / ML | Alq Terceros
CREATE;;1;4207;*;;ZELARAYAN MONICA DEL VALLE / ML | Alq Terceros
CREATE;;1;4078;*;;CHAVARRIA MARIA CRISTINA / ML | Alq Terceros
CREATE;;1;4153;*;;FLORES CLAUDIA KARINA / ML | Alq Terceros
CREATE;;1;4232;*;;MARTIN MAMANI MONTSERRAT / ML | Alq Terceros
CREATE;;1;4003;*;;Bustos Lucrecia / ML | Alq Terceros
CREATE;;1;4417;*;;IBA?EZ FRANCISCO ALEJANDRO / ML | Alq Terceros
CREATE;;1;4474;*;;CONDORI GABRIELA TERESA / ML | Alq Terceros
CREATE;;1;4437;*;;MILAD EMMANUEL NICOLAS / ML | Alq Terceros
CREATE;;1;4496;*;;CASTRO HUGO ANTONIO / ML | Alq Terceros
CREATE;;1;4460;*;;FIGUEROA NESTOR ROQUE / ML | Alq Terceros
CREATE;;1;4501;*;;VALDIVIEZO VALERIA ALEJANDRA / ML | Alq Terceros
CREATE;;1;4515;*;;REARTES SILVIA ALEJANDRA / ML | Alq Terceros
CREATE;;1;2195;*;;SORIA OSCAR ANTONIO / CABRERA | Alq Terceros
CREATE;;1;2614;*;;Arias Rosa Angela/ Cabrera J. C | Alq Terceros
CREATE;;1;2519;*;;RIVERO MAXIMA MARIA / CABRERA | Alq Terceros
CREATE;;1;3547;*;;Romano Adriana Lujan / Cabrera | Alq Terceros
CREATE;;1;3861;*;;PEREZ MARTIN AMERICO /CABRERA | Alq Terceros
CREATE;;1;4312;*;;DIAZ MARIA ROSA / CABRERA | Alq Terceros
CREATE;;1;4126;*;;CORONEL ERNAN JORGE / CABRERA | Alq Terceros
CREATE;;1;4192;*;;ROMANO IVANA JUDITH / CABRERA | Alq Terceros
CREATE;;1;4206;*;;ZAMORANO RAUL GUSTAVO / CABRERA | Alq Terceros
CREATE;;1;4405;*;;SALAS JORGE ALEJANDRO / CABRERA | Alq Terceros
CREATE;;1;4478;*;;DEMARCHI DANIEL ALEJANDRO / CABRERA | Alq Terceros
CREATE;;1;3596;*;;ROMANO MARTA JOSEFINA / OSORES | Alq Terceros
CREATE;;1;3931;*;;BLASCO RAUL GONZALO / OSORES | Alq Terceros
CREATE;;1;4015;*;;Rivadeneira Ariel A. / Osores G. | Alq Terceros
CREATE;;1;4390;*;;ASSAF CAMILA ABIGAIL / OSORES | Alq Terceros
CREATE;;1;2873;*;;CARI GUSTAVO / SANSON | Alq Terceros
CREATE;;1;3578;*;;CARRASCO WENCESLAO / SANSON | Alq Terceros
CREATE;;1;3734;*;;Juarez Peralta Natasha Roxana / Sanson Enrique | Alq Terceros
CREATE;;1;3877;*;;RUIZ DE HUIDOBRO FED./ SANSON | Alq Terceros
CREATE;;1;2927;*;;Coronel Andrea Veronica / Yañez | Alq Terceros
CREATE;;1;3258;*;;FLORES ALBERTO MARIO / YAÑEZ | Alq Terceros
CREATE;;1;3274;*;;Delgado Gustavo Fernando / Yañez Mateo | Alq Terceros
CREATE;;1;3927;*;;RACEDO TERAN ESTEBAN / YAÑEZ | Alq Terceros
CREATE;;1;3808;*;;JEREZ IRENE DEL VALLE / Ya?ez Mateo | Alq Terceros
CREATE;;1;3761;*;;Pomponio Daniel Osvaldo / Yañez Mateo | Alq Terceros
CREATE;;1;3883;*;;SOSA GABRIELA ALEJANDRA / YAÑEZ | Alq Terceros
CREATE;;1;4216;*;;CANO ENEAS MARTIN / YAÑEZ | Alq Terceros
CREATE;;1;4148;*;;ARGAÑARAZ EDUARDO ARIEL / YAÑEZ | Alq Terceros
CREATE;;1;2527;*;;Fascio Tomas / Paez Emilse | Alq Terceros
CREATE;;1;3894;*;;Jose Emilio / Paez Emilse | Alq Terceros
CREATE;;1;2904;*;;Ibañez Claudia Cecilia / Weyerstall Rodolfo | Alq Terceros
CREATE;;1;4245;*;;VILLA ROSA VIVIANA / WEYERSTALL | Alq Terceros
CREATE;;1;4224;*;;AVILA ARMANDO NICOLAS / WEYERSTALL | Alq Terceros
CREATE;;1;4454;*;;NIEVA JAVIER ANDRES / WEYERSTALL | Alq Terceros
CREATE;;1;2725;*;;MANSILLA JORGE GABRIEL / LAROZ | Alq Terceros
CREATE;;1;3581;*;;DIB DANIEL FRANCO / LAROZ | Alq Terceros
CREATE;;1;3936;*;;AVILA MANUEL OSVALDO / LAROZ | Alq Terceros
CREATE;;1;4347;*;;BERTINATTI APESTEY JUAN L. / LAROZ | Alq Terceros
CREATE;;1;4213;*;;CARRIZO RICARDO RAMON / LAROZ | Alq Terceros
CREATE;;1;2529;*;;Villagra Luisa Daniela / Ciaravino Ana | Alq Terceros
CREATE;;1;3476;*;;LAZO ARISPE GUSTAVO FAVIO / GIMENEZ U. | Alq Terceros
CREATE;;1;3783;*;;CARRIZO JULIETA INES DEL VALLE / GIMENEZ U. | Alq Terceros
CREATE;;1;3640;*;;CARO CARINA DEL VALLE / GIMENEZ U. | Alq Terceros
CREATE;;1;4149;*;;LEIVA ANA SOFIA / GIMENEZ U. | Alq Terceros
CREATE;;1;3673;*;;Martinez Gladis Liliana / Rufino Raul | Alq Terceros
CREATE;;1;3994;*;;SEGURA RICARDO JORGE / RUFINO | Alq Terceros
CREATE;;1;4407;*;;SALCEDO OSCAR AGUSTIN / RUFINO | Alq Terceros
CREATE;;1;3549;*;;AHUMADA JESUS JUAN JOSE / PAEZ ALVARO | Alq Terceros
CREATE;;1;2129;*;;NARDI MARIA TERESA / CONCHA | Alq Terceros
CREATE;;1;3091;*;;Terraza Paola Elizabeth / Concha Bocanegra Ana | Alq Terceros
CREATE;;1;3358;*;;Rodriguez Martin/ Concha Bocanegra Ana | Alq Terceros
CREATE;;1;3871;*;;JUAREZ FRANCO NICOLAS / CONCHA | Alq Terceros
CREATE;;1;3731;*;;Rios Tomas / ConchaBocanegra Ana | Alq Terceros
CREATE;;1;3758;*;;ANGEL CECILIA ESTRELLA / CONCHA ANA | Alq Terceros
CREATE;;1;4254;*;;MURILLO ROMINA VALERIA / CONCHA | Alq Terceros
CREATE;;1;4273;*;;RIOS MELINA GISELL / CONCHA | Alq Terceros
CREATE;;1;4488;*;;CARDENAS AGUERO SILVIA / CONCHA | Alq Terceros
CREATE;;1;4509;*;;GARCIA SOTO FERNANDO / CONCHA | Alq Terceros
CREATE;;1;3712;*;;Rodriguez Pedro Cesar / Bibas Bonet Hilda | Alq Terceros
CREATE;;1;4075;*;;MAIDANA DOMINGO MIGUEL / BIBAS BONET | Alq Terceros
CREATE;;1;4406;*;;PEREZ ESPIN MATIAS F./ BIBAS BONET | Alq Terceros
CREATE;;1;3020;*;;Herrera Domingo Santiago / Diez Cardenas | Alq Terceros
CREATE;;1;3807;*;;ROLANDO RICARDO ADRIAN / DIEZ CARDENAS | Alq Terceros
CREATE;;1;3566;*;;SILVA LUCAS FEDERICO / ETCHANDY | Alq Terceros
CREATE;;1;2656;*;;Fadda Mercedes Dolores / Mercado Nieto P | Alq Terceros
CREATE;;1;3470;*;;POSSE MARIA EUGENIA | Alq Terceros
CREATE;;1;3574;*;;ORELLANA PABLO ANTONIO/ LIZARDI | Alq Terceros
CREATE;;1;2943;*;;Ponce Elena Mabel / Villagra Fernanda | Alq Terceros
CREATE;;1;3896;*;;PONCE ANGEL NICOLAS / VILLAGRA | Alq Terceros
CREATE;;1;3569;*;;DE ARRIBA MALENA /JASPE | Alq Terceros
CREATE;;1;4132;*;;VELARDEZ MARIA INES / JASPE | Alq Terceros
CREATE;;1;4414;*;;SANCHEZ GERMAN LEONARDO / JASPE | Alq Terceros
CREATE;;1;3432;*;;Alderete Maria Constanza / Venegas Azucena | Alq Terceros
CREATE;;1;3498;*;;NADER GUSTAVO SAMUEL / VENEGAS | Alq Terceros
CREATE;;1;3448;*;;Ledesma Myriam Eliz. / Venegas Azucena | Alq Terceros
CREATE;;1;3869;*;;SARAVIA STELLA MARIS / VENEGAS | Alq Terceros
CREATE;;1;4139;*;;FLORES VERONICA CECILIA / VENEGAS | Alq Terceros
CREATE;;1;4186;*;;NIETO GLADYS ARGENTINA/ VENEGAS | Alq Terceros
CREATE;;1;4351;*;;MANSILLA CLAUDIO ERASMO / VENEGAS | Alq Terceros
CREATE;;1;3013;*;;Racedo Teran Esteban / Gallo Sara | Alq Terceros
CREATE;;1;3160;*;;ANGEL CECILIA ESTRELLA / GALLO | Alq Terceros
CREATE;;1;3599;*;;PICA EDUARDO / GONZALEZ JULIO | Alq Terceros
CREATE;;1;3922;*;;OPITZ LAURA SOFIA / GONZALEZ | Alq Terceros
CREATE;;1;4477;*;;FIGUEROA GOMEZ B. MARIANO / GONZALEZ | Alq Terceros
CREATE;;1;3113;*;;Alderete Elizabeth M. / Lopez Belen | Alq Terceros
CREATE;;1;3491;*;;ORDEN CYNTIA ROMINA / LOPEZ BELEN | Alq Terceros
CREATE;;1;3956;*;;CRUZ VANESA NOEMI / LOPEZ | Alq Terceros
CREATE;;1;3610;*;;Dip Gilda Amelia/Lopez Belen | Alq Terceros
CREATE;;1;3682;*;;Moreno Gerardo Belisario / Lopez | Alq Terceros
CREATE;;1;3868;*;;LEZAMA PEDRO EDGARDO / LOPEZ | Alq Terceros
CREATE;;1;3719;*;;Martinez Juana Rosa / Lopez Belen | Alq Terceros
CREATE;;1;4050;*;;LEIVA JUAN SEBASTIAN / LOPEZ | Alq Terceros
CREATE;;1;4054;*;;OLIVERA GUIDO NICOLAS / LOPEZ | Alq Terceros
CREATE;;1;3977;*;;CORBALAN SARA PRISCILA / LOPEZ | Alq Terceros
CREATE;;1;4110;*;;GONZALEZ JULIO DANIEL / LOPEZ | Alq Terceros
CREATE;;1;4384;*;;MALBRAN ESTEFANIA LUANA / LOPEZ | Alq Terceros
CREATE;;1;4375;*;;CARAM SILVIA BEATRIZ / LOPEZ | Alq Terceros
CREATE;;1;4381;*;;ARMELLA MARIA GABRIELA / LOPEZ | Alq Terceros
CREATE;;1;3548;*;;CARRIZO JULIO ALBERTO / CORDOBA | Alq Terceros
CREATE;;1;3874;*;;CHACON MARIA EUGENIA / CORDOBA | Alq Terceros
CREATE;;1;4180;*;;PUERTAS ANDREA SOLEDAD / CORDOBA | Alq Terceros
CREATE;;1;4457;*;;FERNANDEZ KARINA NORA / CORDOBA | Alq Terceros
CREATE;;1;3497;*;;TERAN VIAÑA RODOLFO/ YANOTTI | Alq Terceros
CREATE;;1;3841;*;;TERAN VIAÑA NICOLAS / YANOTTI | Alq Terceros
CREATE;;1;3360;*;;Avila Julio Cesar / JMS | Alq Terceros
CREATE;;1;3817;*;;REINOSO SILVINA MARIA / JMS | Alq Terceros
CREATE;;1;3633;*;;LESCANO RUBEN DAVID / JMS | Alq Terceros
CREATE;;1;3661;*;;Suarez Norma Graciela / JMS | Alq Terceros
CREATE;;1;3662;*;;Rasuk Gabriela Jessica A. / JMS | Alq Terceros
CREATE;;1;3951;*;;ANCE SILVINA EDITH / JMS | Alq Terceros
CREATE;;1;3636;*;;NACUL EDUARDO ALFREDO / JMS | Alq Terceros
CREATE;;1;3676;*;;Ferrera Maria Fanny / JMS | Alq Terceros
CREATE;;1;3674;*;;Moreno Jose Victor/ JMS | Alq Terceros
CREATE;;1;4320;*;;PAEZ EDUARDO ANTONIO / JMS | Alq Terceros
CREATE;;1;4321;*;;CRUZ JESUS FEDERICO / JMS | Alq Terceros
CREATE;;1;4067;*;;GEREZ FERNANDO / JMS | Alq Terceros
CREATE;;1;3973;*;;CABRAL MARCELA DEL CARMEN / JMS | Alq Terceros
CREATE;;1;4365;*;;ALI ADRIANA ELIZABETH / JMS | Alq Terceros
CREATE;;1;4383;*;;MENA JOSE WALTER / JMS | Alq Terceros
CREATE;;1;3996;*;;VILLAFAÑE OLGA BEATRIZ / JMS | Alq Terceros
CREATE;;1;4031;*;;MARQUEZ SERGIO GABRIEL / JMS | Alq Terceros
CREATE;;1;3984;*;;PONCE SILVIA MONICA / JMS | Alq Terceros
CREATE;;1;4366;*;;QUIPILDOR VIOLETA / JMS | Alq Terceros
CREATE;;1;4356;*;;LUNA MARIELA FABIANA / JMS | Alq Terceros
CREATE;;1;3585;*;;FERNANDEZ GOMEZ CAROLINA / CAPETTA | Alq Terceros
CREATE;;1;3828;*;;ARROYO ANA LAURA / MOLINA | Alq Terceros
CREATE;;1;3760;*;;PAVON PEDRO DANIEL/ Molina M. Florencia | Alq Terceros
CREATE;;1;3990;*;;TADDEI ANIBAL MARTIN / MOLINA | Alq Terceros
CREATE;;1;4057;*;;PUENTES ANDREA MABEL / MOLINA A. | Alq Terceros
CREATE;;1;3814;*;;Ahumada Aldo Nestor Manuel / De la Rosa Silvia | Alq Terceros
CREATE;;1;3860;*;;Moran Pablo Hector / Uncos | Alq Terceros
CREATE;;1;3916;*;;SISTI MAXIMO JOSE / SAMANIEGO | Alq Terceros
CREATE;;1;3898;*;;Ruiz Paula Mariana/ Samaniego Andrea | Alq Terceros
CREATE;;1;3925;*;;ALBARRACIN ERIKA DANIELA / SAMANIEGO | Alq Terceros
CREATE;;1;4103;*;;Argañaraz Blanca Rosa / Samaniego Andrea | Alq Terceros
CREATE;;1;3382;*;;Neme M. Viviana / Mendy | Alq Terceros
CREATE;;1;3919;*;;ANSONNAUD CARLOS FERNANDO / MENDY | Alq Terceros
CREATE;;1;4337;*;;AGUILAR FACUNDO EMANUEL / MENDY | Alq Terceros
CREATE;;1;3965;*;;VELIZ MARANGONI JORGE A/ MENDY | Alq Terceros
CREATE;;1;4371;*;;CASULA SANDRA ELIZABETH / MENDY | Alq Terceros
CREATE;;1;3689;*;;Aban Cynthia Paola / Petrelli P | Alq Terceros
CREATE;;1;3692;*;;Albarracin Osvaldo Fabio / Petrelli | Alq Terceros
CREATE;;1;3900;*;;Avila Silvia Fernanda/ Petrelli | Alq Terceros
CREATE;;1;3851;*;;Diaz Dolores del Carmen / Petrelli Patricio | Alq Terceros
CREATE;;1;3752;*;;WILINSKI SUSANA BEATRIZ/ PETRELLI P | Alq Terceros
CREATE;;1;4330;*;;Quispe Elsa Susana / Petrelli Patricio | Alq Terceros
CREATE;;1;4004;*;;Luna Gabriela del V. / Petrelli | Alq Terceros
CREATE;;1;3968;*;;SANTILLAN SILVIA SOLEDAD / PETRELLI | Alq Terceros
CREATE;;1;3985;*;;TORRES AZUCENA MONICA / Petrelli Patricio | Alq Terceros
CREATE;;1;4027;*;;LIBERTO OLGA CRISTINA / Petrelli Patricio | Alq Terceros
CREATE;;1;4341;*;;GALIAN LAURA GRACIELA / PETRELLI | Alq Terceros
CREATE;;1;4350;*;;DECIMA MAIRA CECILIA / PETRELLI | Alq Terceros
CREATE;;1;4372;*;;LOBATO JULIETA ANDREA / PETRELLI | Alq Terceros
CREATE;;1;4377;*;;SANTUCHO JOSE / PETRELLI | Alq Terceros
CREATE;;1;4461;*;;CORONEL JOSE IGNACIO / PETRELLI | Alq Terceros
CREATE;;1;4493;*;;Esper Alejandro / Petrelli Patricio | Alq Terceros
CREATE;;1;4257;*;;PISTONE PABLO / PAEZ S. | Alq Terceros
CREATE;;1;4343;*;;FREITAS BORDAGORRI CARLOS / GHIO | Alq Terceros
CREATE;;1;4313;*;;FERMOSELLE CLAUDIA PATRICIA / ANA BETINA MAKCIMOVICH | Alq Terceros
CREATE;;1;4386;*;;ACOSTA WALTER GERARDO / BOLSI | Alq Terceros
CREATE;;1;4518;*;;ARGAÑARAZ MARIANELA A. / BOLSI | Alq Terceros
CREATE;;1;4527;*;;HERRERA FRANCISCO EDUARDO / JALIL | Alq Terceros
CREATE;;1;4011;*;;AVELLANEDA SANDRA MARCELA / JCI | Alq Terceros
CREATE;;1;4339;*;;CRENOVICH HERNANDEZ MATEO / JCI | Alq Terceros
CREATE;;1;4338;*;;TOLEDO DARIO MARTIN / JCI | Alq Terceros
CREATE;;1;4340;*;;De Felice Maria Eugenia/ JCI | Alq Terceros
CREATE;;1;4415;*;;CORREA MIGUEL ANGEL / ML - WCL | Alq Terceros
UPDATE;1;2;8;categoria;obras;Obras
UPDATE;2;2;13;categoria;obras;Obras
UPDATE;3;2;14;categoria;obras;Obras
UPDATE;4;2;15;categoria;obras;Obras
UPDATE;5;2;16;categoria;obras;Obras
UPDATE;6;2;29;categoria;admin;Administracion
UPDATE;7;2;30;categoria;obras;Obras
UPDATE;8;2;35;categoria;obras;Obras
UPDATE;9;2;42;categoria;obras;Obras
UPDATE;10;2;45;categoria;admin;Administracion
UPDATE;11;2;49;categoria;obras;Obras
UPDATE;12;2;54;categoria;admin;Administracion
UPDATE;13;2;59;categoria;obras;Obras
UPDATE;14;2;66;categoria;obras;Obras
UPDATE;15;2;115;categoria;obras;Obras
UPDATE;16;2;123;categoria;obras;Obras
UPDATE;17;2;126;categoria;obras;Obras
UPDATE;18;2;129;categoria;obras;Obras
UPDATE;19;2;184;categoria;obras;Obras
UPDATE;20;2;194;categoria;obras;Obras
UPDATE;21;2;203;categoria;obras;Obras
UPDATE;22;2;246;categoria;obras;Obras
UPDATE;23;2;254;categoria;obras;Obras
UPDATE;24;2;257;categoria;obras;Obras
UPDATE;25;2;266;categoria;admin;Administracion
UPDATE;26;2;274;categoria;obras;Obras
UPDATE;27;2;281;categoria;admin;Administracion
UPDATE;28;2;284;categoria;admin;Administracion
UPDATE;29;2;286;categoria;admin;Administracion
UPDATE;30;2;329;categoria;admin;Administracion
UPDATE;31;2;365;categoria;obras;Obras
UPDATE;32;2;367;categoria;obras;Obras
UPDATE;33;2;378;categoria;admin;Administracion
UPDATE;34;2;393;categoria;admin;Administracion
UPDATE;35;2;2140;categoria;obras;Obras
UPDATE;36;2;2223;categoria;obras;Obras
UPDATE;37;2;2238;categoria;admin;Administracion
UPDATE;38;2;2246;categoria;obras;Obras
UPDATE;39;2;2269;categoria;obras;Obras
UPDATE;40;2;2279;categoria;obras;Obras
UPDATE;41;2;2296;categoria;admin;Administracion
UPDATE;42;2;2307;categoria;obras;Obras
UPDATE;43;2;2355;categoria;bancos_int;Gs Bancarios
UPDATE;44;2;2356;categoria;admin;Administracion
UPDATE;45;2;2357;categoria;admin;Administracion
UPDATE;46;2;2358;categoria;admin;Administracion
UPDATE;47;2;2360;categoria;obras;Obras
UPDATE;48;2;2367;categoria;obras;Obras
UPDATE;49;2;2369;categoria;admin;Administracion
UPDATE;50;2;2400;categoria;admin;Administracion
UPDATE;51;2;2401;categoria;obras;Obras
UPDATE;52;2;2410;categoria;obras;Obras
UPDATE;53;2;2420;categoria;obras;Obras
UPDATE;54;2;2423;categoria;obras;Obras
UPDATE;55;2;2425;categoria;obras;Obras
UPDATE;56;2;2437;categoria;admin;Administracion
UPDATE;57;2;2449;categoria;admin;Administracion
UPDATE;58;2;2466;categoria;obras;Obras
UPDATE;59;2;2470;categoria;admin;Administracion
UPDATE;60;2;2517;categoria;admin;Administracion
UPDATE;61;2;2530;categoria;obras;Obras
UPDATE;62;2;2538;categoria;obras;Obras
UPDATE;63;2;2547;categoria;admin;Administracion
UPDATE;64;2;2551;categoria;obras;Obras
UPDATE;65;2;2600;categoria;obras;Obras
UPDATE;66;2;2611;categoria;obras;Obras
UPDATE;67;2;2621;categoria;obras;Obras
UPDATE;68;2;2627;categoria;obras;Obras
UPDATE;69;2;2637;categoria;obras;Obras
UPDATE;70;2;2638;categoria;obras;Obras
UPDATE;71;2;2642;categoria;obras;Obras
UPDATE;72;2;2654;categoria;obras;Obras
UPDATE;73;2;2664;categoria;obras;Obras
UPDATE;74;2;2724;categoria;obras;Obras
UPDATE;75;2;2728;categoria;obras;Obras
UPDATE;76;2;2730;categoria;obras;Obras
UPDATE;77;2;2732;categoria;obras;Obras
UPDATE;78;2;2740;categoria;obras;Obras
UPDATE;79;2;2780;categoria;obras;Obras
