nro_cta;Moneda;map_debe;map_haber;CATEGORIA;
3600;ARS;CAJAS COMPENS;CAJAS COMPENS;;
3870;ARS;CAJAS COMPENS;CAJAS COMPENS;;
1905;ARS;EGR x INVERSIONES EN PROYECTOS;EGR x INVERSIONES EN PROYECTOS;;
56;ARS;EGR x INVERSIONES EN PROYECTOS SOCIOS;EGR x INVERSIONES EN PROYECTOS SOCIOS;;
3882;ARS;INGR x APORTES DE SOCIOS;INGR x APORTES DE SOCIOS;;
141;ARS;INGR x ALQUILERES SOCIOS;INGR x ALQUILERES SOCIOS;;
143;ARS;INGR x ALQUILERES SOCIOS;INGR x ALQUILERES SOCIOS;;
347;ARS;INGR x COBRO LOTEOS;INGR x COBRO LOTEOS;;
1347;ARS;INGR x COMISIONES INMOBILIARIAS;INGR x COMISIONES INMOBILIARIAS;;
1390;ARS;INGR x ALQUILERES TERCEROS;INGR x ALQUILERES TERCEROS;Alq Terceros;
1390;ARS;INGR x ALQUILERES SOCIOS;INGR x ALQUILERES SOCIOS;Alq Socios;
1391;ARS;INGR x ALQUILERES TERCEROS;INGR x ALQUILERES TERCEROS;Alq Terceros;
1391;ARS;INGR x ALQUILERES SOCIOS;INGR x ALQUILERES SOCIOS;Alq Socios;
1608;ARS;INGR x COBRO OBRAS;INGR x COBRO OBRAS;;
1972;USD;INGR x COBRO LOTEOS;INGR x COBRO LOTEOS;;
3866;ARS;INGR x COBRO LOTEOS;INGR x COBRO LOTEOS;;
3867;ARS;INGR x COBRO LOTEOS;INGR x COBRO LOTEOS;;
3868;ARS;INGR x COBRO LOTEOS;INGR x COBRO LOTEOS;;
1822;ARS;INGR x COBRO LOTEOS;INGR x COBRO LOTEOS;;
2764;ARS;INGR x COBRO LOTEOS;INGR x COBRO LOTEOS;;
17;ARS;EGR DIVERSOS;INGR x DIVERSOS;;
19;ARS;EGR x PAGO IMPUESTOS DIVERSOS;EGR x PAGO IMPUESTOS DIVERSOS;;
20;ARS;EGR x PAGO IMPUESTOS DIVERSOS;EGR x PAGO IMPUESTOS DIVERSOS;;
23;ARS;EGR x PAGO IMPUESTOS DIVERSOS;EGR x PAGO IMPUESTOS DIVERSOS;;
24;ARS;EGR x PAGO IMPUESTOS DIVERSOS;EGR x PAGO IMPUESTOS DIVERSOS;;
25;ARS;EGR x PAGO IMPUESTOS DIVERSOS;EGR x PAGO IMPUESTOS DIVERSOS;;
29;ARS;EGR x PAGO IMPUESTOS DIVERSOS;EGR x PAGO IMPUESTOS DIVERSOS;;
30;ARS;EGR x PAGO IMPUESTOS DIVERSOS;EGR x PAGO IMPUESTOS DIVERSOS;;
33;ARS;EGR x PAGO IMPUESTOS DIVERSOS;EGR x PAGO IMPUESTOS DIVERSOS;;
37;ARS;EGR x CARGAS SOCIALES;EGR x CARGAS SOCIALES;;
1387;ARS;EGR x PAGO IMPUESTOS DIVERSOS;EGR x PAGO IMPUESTOS DIVERSOS;;
74;ARS;EGR x SUELDOS OBRAS;EGR x SUELDOS OBRAS;;
77;ARS;EGR x PROVEEDORES OBRAS;EGR x PROVEEDORES OBRAS;;
78;ARS;EGR DIVERSOS;EGR DIVERSOS;;
3494;ARS;EGR x SUELDOS OBRAS;EGR x SUELDOS OBRAS;;
148;ARS;EGR x SUELDOS Y ALQUILERES SOCIOS;EGR x SUELDOS Y ALQUILERES SOCIOS;;
149;ARS;EGR x SUELDOS Y ALQUILERES SOCIOS;EGR x SUELDOS Y ALQUILERES SOCIOS;;
996;ARS;EGR DIVERSOS;EGR DIVERSOS;;
1744;USD;EGR DIVERSOS;EGR DIVERSOS;;
3856;ARS;EGR x RETIROS SOCIOS ;INGR x APORTES DE SOCIOS;;
38;ARS;EGR x PROVEEDORES OBRAS;EGR x PROVEEDORES OBRAS;Obras;
38;ARS;EGR x PROVEEDORES ADMINISTRACION;EGR x PROVEEDORES ADMINISTRACION;Administracion;
38;ARS;EGR x INTERESES Y GS BANCARIOS;EGR x INTERESES Y GS BANCARIOS;Gs Bancarios;
38;ARS;EGR x COMPRA BIENES DE USO;EGR x COMPRA BIENES DE USO;Bienes de Uso;
38;ARS;EGR x INVERSIONES EN PROYECTOS;EGR x INVERSIONES EN PROYECTOS;Proyectos;
38;ARS;EGR x INVERSIONES EN PROYECTOS SOCIOS;EGR x INVERSIONES EN PROYECTOS SOCIOS;Proyectos socios;
1344;ARS;EGR x RENDICIONES ALQ TERCEROS;EGR x RENDICIONES ALQ TERCEROS;;
1393;ARS;EGR x RENDICIONES ALQ TERCEROS;INGR x ALQUILERES TERCEROS;;
55;ARS;INGR x COBRO OBRAS;INGR x COBRO OBRAS;;
1904;ARS;INGR x ALQUILERES SOCIOS;INGR x ALQUILERES SOCIOS;;
3906;ARS;EGR x PROVEEDORES OBRAS;EGR x PROVEEDORES OBRAS;;
43;ARS;EGR x SUELDOS OBRAS;EGR x SUELDOS OBRAS;;
44;ARS;EGR x CARGAS SOCIALES;EGR x CARGAS SOCIALES;;
45;ARS;EGR x CARGAS SOCIALES;EGR x CARGAS SOCIALES;;
46;ARS;EGR x CARGAS SOCIALES;EGR x CARGAS SOCIALES;;
47;ARS;EGR x CARGAS SOCIALES;EGR x CARGAS SOCIALES;;
52;ARS;EGR x CARGAS SOCIALES;EGR x CARGAS SOCIALES;;
71;ARS;EGR x CARGAS SOCIALES;EGR x CARGAS SOCIALES;;
1804;ARS;EGR x CARGAS SOCIALES;EGR x CARGAS SOCIALES;;
2822;ARS;EGR x CARGAS SOCIALES;EGR x CARGAS SOCIALES;;
60;ARS;EGR x PAGO IMPUESTOS DIVERSOS;EGR x PAGO IMPUESTOS DIVERSOS;;
120;ARS;EGR x PAGO IMPUESTOS DIVERSOS;EGR x PAGO IMPUESTOS DIVERSOS;;
1350;ARS;EGR x CARGAS SOCIALES;EGR x CARGAS SOCIALES;;
1545;ARS;EGR x PLANES DE PAGOS IMPOSITIVOS;EGR x PLANES DE PAGOS IMPOSITIVOS;;
124;ARS;EGR x PAGO PRESTAMOS BANCARIOS ;INGR x PRESTAMOS OBTENIDOS;;
131;USD;EGR x RETIROS SOCIOS ;INGR x APORTES DE SOCIOS;;
136;ARS;EGR x RETIROS SOCIOS ;INGR x APORTES DE SOCIOS;;
3507;ARS;INGR x APORTES DE SOCIOS;INGR x APORTES DE SOCIOS;;
140;ARS;EGR DIVERSOS;EGR DIVERSOS;;
1568;ARS;INGR x COBRO LOTEOS;INGR x COBRO LOTEOS;;
2965;ARS;INGR x ALQUILERES SOCIOS;INGR x ALQUILERES SOCIOS;;
2285;ARS;INGR x ALQUILERES SOCIOS;INGR x ALQUILERES SOCIOS;;
175;ARS;INGR x INVERSIONES FINANCIEROS;INGR x INVERSIONES FINANCIEROS;;
1231;ARS;INGR x DIF DE COTIZACION;INGR x DIF DE COTIZACION;;
1228;ARS;INGR x DIVERSOS;INGR x DIVERSOS;;
176;ARS;EGR x PROVEEDORES OBRAS;EGR x PROVEEDORES OBRAS;;
185;ARS;EGR x PROVEEDORES OBRAS;EGR x PROVEEDORES OBRAS;;
1826;ARS;EGR x PROVEEDORES OBRAS;EGR x PROVEEDORES OBRAS;;
1421;ARS;EGR x PROVEEDORES OBRAS;EGR x PROVEEDORES OBRAS;;
1419;ARS;EGR x PROVEEDORES OBRAS;EGR x PROVEEDORES OBRAS;;
1420;ARS;EGR x PROVEEDORES OBRAS;EGR x PROVEEDORES OBRAS;;
3817;ARS;EGR x PROVEEDORES OBRAS;EGR x PROVEEDORES OBRAS;;
2665;ARS;EGR x PROVEEDORES OBRAS;EGR x PROVEEDORES OBRAS;;
1386;ARS;EGR x PROVEEDORES OBRAS;EGR x PROVEEDORES OBRAS;;
1758;ARS;EGR x PROVEEDORES OBRAS;EGR x PROVEEDORES OBRAS;;
1759;ARS;EGR x PROVEEDORES OBRAS;EGR x PROVEEDORES OBRAS;;
1900;ARS;EGR x PROVEEDORES OBRAS;EGR x PROVEEDORES OBRAS;;
1383;ARS;EGR x PROVEEDORES OBRAS;EGR x PROVEEDORES OBRAS;;
1704;ARS;EGR x PROVEEDORES Y GASTOS LOTEOS;EGR x PROVEEDORES Y GASTOS LOTEOS;;
3816;ARS;EGR x PROVEEDORES Y GASTOS LOTEOS;EGR x PROVEEDORES Y GASTOS LOTEOS;;
1402;ARS;EGR x PROVEEDORES INMOBILIARIA;EGR x PROVEEDORES INMOBILIARIA;;
1235;ARS;EGR x PROVEEDORES ADMINISTRACION;EGR x PROVEEDORES ADMINISTRACION;;
1236;ARS;EGR x PROVEEDORES ADMINISTRACION;EGR x PROVEEDORES ADMINISTRACION;;
1251;ARS;EGR x PROVEEDORES ADMINISTRACION;EGR x PROVEEDORES ADMINISTRACION;;
1252;ARS;EGR x PROVEEDORES ADMINISTRACION;EGR x PROVEEDORES ADMINISTRACION;;
1253;ARS;EGR x PROVEEDORES ADMINISTRACION;EGR x PROVEEDORES ADMINISTRACION;;
1255;ARS;EGR x PROVEEDORES ADMINISTRACION;EGR x PROVEEDORES ADMINISTRACION;;
1256;ARS;EGR x PROVEEDORES ADMINISTRACION;EGR x PROVEEDORES ADMINISTRACION;;
1260;ARS;EGR x PROVEEDORES ADMINISTRACION;EGR x PROVEEDORES ADMINISTRACION;;
1262;ARS;EGR x PROVEEDORES ADMINISTRACION;EGR x PROVEEDORES ADMINISTRACION;;
1240;ARS;EGR x PROVEEDORES ADMINISTRACION;EGR x PROVEEDORES ADMINISTRACION;;
1264;ARS;EGR x PROVEEDORES ADMINISTRACION;EGR x PROVEEDORES ADMINISTRACION;;
1266;ARS;EGR x PROVEEDORES ADMINISTRACION;EGR x PROVEEDORES ADMINISTRACION;;
1267;ARS;EGR x PROVEEDORES ADMINISTRACION;EGR x PROVEEDORES ADMINISTRACION;;
1346;ARS;EGR x PROVEEDORES ADMINISTRACION;EGR x PROVEEDORES ADMINISTRACION;;
1349;ARS;EGR x PROVEEDORES ADMINISTRACION;EGR x PROVEEDORES ADMINISTRACION;;
3855;ARS;EGR x PROVEEDORES ADMINISTRACION;EGR x PROVEEDORES ADMINISTRACION;;
1279;ARS;EGR x INTERESES Y GS BANCARIOS;EGR x INTERESES Y GS BANCARIOS;;
1280;ARS;EGR x INTERESES Y GS BANCARIOS;EGR x INTERESES Y GS BANCARIOS;;
1282;ARS;EGR x DIF DE COTIZACION;EGR x DIF DE COTIZACION;;
1284;ARS;EGR x INTERESES Y GS BANCARIOS;EGR x INTERESES Y GS BANCARIOS;;
1275;ARS;EGR x PAGO IMPUESTOS DIVERSOS;EGR x PAGO IMPUESTOS DIVERSOS;;
3885;ARS;EGR x PAGO IMPUESTOS DIVERSOS;EGR x PAGO IMPUESTOS DIVERSOS;;
64;ARS;EGR x PAGO IMPUESTOS DIVERSOS;EGR x PAGO IMPUESTOS DIVERSOS;;Agregado
68;ARS;EGR x PAGO IMPUESTOS DIVERSOS;EGR x PAGO IMPUESTOS DIVERSOS;;Agregado
1274;ARS;EGR x PAGO IMPUESTOS DIVERSOS;EGR x PAGO IMPUESTOS DIVERSOS;;Agregado
1245;ARS;EGR x PROVEEDORES ADMINISTRACION;EGR x PROVEEDORES ADMINISTRACION;;Agregado
1247;ARS;EGR x PROVEEDORES ADMINISTRACION;EGR x PROVEEDORES ADMINISTRACION;;Agregado
1259;ARS;EGR x PROVEEDORES ADMINISTRACION;EGR x PROVEEDORES ADMINISTRACION;;Agregado
1269;ARS;EGR x PROVEEDORES ADMINISTRACION;EGR x PROVEEDORES ADMINISTRACION;;Agregado
1723;ARS;EGR x PAGO IMPUESTOS DIVERSOS;EGR x PAGO IMPUESTOS DIVERSOS;;Agregado
3905;ARS;EGR x PROVEEDORES OBRAS;EGR x PROVEEDORES OBRAS;Obras;Agregado
3905;ARS;EGR x PROVEEDORES ADMINISTRACION;EGR x PROVEEDORES ADMINISTRACION;Administracion;Agregado
3905;ARS;EGR x INTERESES Y GS BANCARIOS;EGR x INTERESES Y GS BANCARIOS;Gs Bancarios;Agregado
3905;ARS;EGR x COMPRA BIENES DE USO;EGR x COMPRA BIENES DE USO;Bienes de Uso;Agregado
3905;ARS;EGR x INVERSIONES EN PROYECTOS;EGR x INVERSIONES EN PROYECTOS;Proyectos;Agregado
3905;ARS;EGR x INVERSIONES EN PROYECTOS SOCIOS;EGR x INVERSIONES EN PROYECTOS SOCIOS;Proyectos socios;Agregado
3884;ARS;EGR x SUELDOS OBRAS;EGR x SUELDOS OBRAS;;Agregado
