id,descripcion,tipo
1,CAJAS COMPENS,
2,EGR DIVERSOS,Egreso
3,EGR x CARGAS SOCIALES,Egreso
4,EGR x COMPRA BIENES DE USO,Egreso
5,EGR x DIF DE COTIZACION,Egreso
6,EGR x INTERESES Y GS BANCARIOS,Egreso
7,EGR x INVERSIONES EN PROYECTOS,Egreso
8,EGR x INVERSIONES EN PROYECTOS SOCIOS,Egreso
9,EGR x PAGO IMPUESTOS DIVERSOS,Egreso
10,EGR x PAGO PRESTAMOS BANCARIOS,Egreso
11,EGR x PLANES DE PAGOS IMPOSITIVOS,Egreso
12,EGR x PROVEEDORES ADMINISTRACION,Egreso
13,EGR x PROVEEDORES INMOBILIARIA,Egreso
14,EGR x PROVEEDORES OBRAS,Egreso
15,EGR x PROVEEDORES Y GASTOS LOTEOS,Egreso
16,EGR x RENDICIONES ALQ TERCEROS,Egreso
17,EGR x RETIROS SOCIOS,Egreso
18,EGR x SUELDOS OBRAS,Egreso
19,EGR x SUELDOS Y ALQUILERES SOCIOS,Egreso
20,INGR x ALQUILERES SOCIOS,Ingreso
21,INGR x ALQUILERES TERCEROS,Ingreso
22,INGR x APORTES DE SOCIOS,Ingreso
23,INGR x COBRO LOTEOS,Ingreso
24,INGR x COBRO OBRAS,Ingreso
25,INGR x COMISIONES INMOBILIARIAS,Ingreso
26,INGR x DIF DE COTIZACION,Ingreso
27,INGR x DIVERSOS,Ingreso
28,INGR x INVERSIONES FINANCIEROS,Ingreso
29,INGR x PRESTAMOS OBTENIDOS,Ingreso
30,FONDO,Fondo
