tpo_subcta;descripcion;nro_subcta;categoria
2;CORRALON ACONQUIJA S.R.L;8;obras
2;EXPRESO SAN JOSE S.A.;13;obras
2;TUBONOR S.A;14;obras
2;SANTIAGO KOHN S.A.;15;obras
2;DISTRIBUIDORA LAMADRID S.A.;16;obras
2;EDET S.A.;29;admin
2;EL ARENAL S.H.;30;obras
2;NOA MATAFUEGOS SRL;35;obras
2;CERAMICA MARCOS PAZ S.R.L;42;obras
2;DISCAR SAS;45;admin
2;BERCOVICH SACIFIA;49;obras
2;TELECOM ARGENTINA S.A.;54;admin
2;CLASS MOTORS;59;obras
2;CENTRO MEDICO LABORAL DEL NOA S.R.L.;66;obras
2;PILIPONSKY RAUL;115;obras
2;MATAFUEGOS DEL JARDIN;123;obras
2;DISTRIBUIDORA DIMOND S.A.;126;obras
2;AISLANTES TECNOPOR SRL;129;obras
2;ARBORIO ROMULO ALBERTO;184;obras
2;SILVA SRL;194;obras
2;DIMATER S.A.;203;obras
2;ROSSO HNOS DE A.S. ROSSO Y R.E. ROSSO;246;obras
2;SOCIEDAD AGUAS DEL TUCUMAN;254;obras
2;AUTINO HIERROS S.R.L.;257;obras
2;MAPFRE ARGENTINA SEGUROS S.A.;266;admin
2;ALBURQUERQUE S.R.L.;274;obras
2;BOLLATI Y ASOCIADOS S.R.L.;281;admin
2;ESTUDIO PULIDO S.H. CONSULT. DE EMPRESAS;284;admin
2;ALBIERO HNOS. S.R.L.;286;admin
2;BATIA S.R.L.;329;admin
2;LAZARTE HUMBERTO;365;obras
2;MOYA JUAN GREGORIO;367;obras
2;TELEMATICA S.R.L.;378;admin
2;ALU GRACIELA MARIA;393;admin
2;MEDINA MARCELO;2140;obras
2;CARDENAS EDUARDO;2223;obras
2;ESTUDIO BENITO;2238;admin
2;TREJO IMBAUD JAVIER ALEJANDRO;2246;obras
2;ACEVEDO JUAN CARLOS;2269;obras
2;PEREZ PABLO;2279;obras
2;AMX ARGENTINA S.A.;2296;admin
2;LICHTMAJER EDGARDO;2307;obras
2;WERBLUD ARIEL;2355;bancos_int
2;COHEN IMACH GUSTAVO;2356;admin
2;COHEN IMACH EDUARDO;2357;admin
2;LICHTMAJER EDGARDO DANIEL;2358;admin
2;NORFORK S.R.L.;2360;obras
2;PETRONORTE S.A.;2367;obras
2;COLOMBRES FEDERICO J.;2369;admin
2;LIBRERIA SAN PABLO S.R.L.;2400;admin
2;B.P. SOCIEDAD ANONIMA;2401;obras
2;EXPRESO RIVADAVIA S.R.L;2410;obras
2;ACARDI LUIS (Arq.);2420;obras
2;FALCON JOSE RAMON;2423;obras
2;BAZAN BOBINADOS DE GERMAN W. BAZAN;2425;obras
2;VITALE MANOFF FEILBOGEN;2437;admin
2;TANNENBAUM LAURA M.;2449;admin
2;LINEAS ESTUDIO;2466;obras
2;GARCIA VENEGAS VICTORIA ADRIANA;2470;admin
2;LEON ALPEROVICH DE TUCUMAN S.A.;2517;admin
2;LAROZ VICTOR JAIME E HIJOS S.H.;2530;obras
2;BUSI FABIAN;2538;obras
2;S.A. RODRIGUEZ HNOS. C.I.F. y A.;2547;admin
2;PEREIRA HORACIO;2551;obras
2;COLEGIO DE INGENIEROS CIVILES TUCUMAN;2600;obras
2;BOSIO MARIA GABRIELA;2611;obras
2;TRANSPORTE GOMEZ;2621;obras
2;ATENOR HNOS. S.R.L.;2627;obras
2;A.F. GENTILE TUCUMAN S.A.;2637;obras
2;SUCESION DE MALKIND MANUEL;2638;obras
2;LA ALDABA;2642;obras
2;NOUGUES VIRGINIA;2654;obras
2;RUIZ MARTINEZ IGNACIO;2664;obras
2;URGEL CAMU HUGO SEBASTIAN;2724;obras
2;ARGAÑARAZ PABLO;2728;obras
2;IAJYA VICTOR D.;2730;obras
2;MEDINA MARTIN;2732;obras
2;VACA FRANCISCO ALEJANDRO;2740;obras
2;MEDINA JUAN;2780;obras
